request_id,timestamp_utc,workflow,risk_tier,input_text,model_decision,model_answer
EV_0001,2026-03-01T00:00:00Z,clinical_admin,low,Operator receives mixed-signal evidence packet #1 | Resolve case 1 under policy constraints and provide final action,FLAG_FOR_REVIEW,decision=FLAG_FOR_REVIEW; scenario=clinical_admin workflow case 1
EV_0002,2026-03-01T00:07:00Z,supply_chain,medium,Operator receives mixed-signal evidence packet #2 | Resolve case 2 under policy constraints and provide final action,FLAG_FOR_REVIEW,decision=FLAG_FOR_REVIEW; scenario=supply_chain workflow case 2
EV_0003,2026-03-01T00:14:00Z,incident_triage,high,Operator receives mixed-signal evidence packet #3 | Resolve case 3 under policy constraints and provide final action,PROCEED,decision=PROCEED; scenario=incident_triage workflow case 3
EV_0004,2026-03-01T00:21:00Z,supply_chain,medium,Operator receives mixed-signal evidence packet #4 | Resolve case 4 under policy constraints and provide final action,FLAG_FOR_REVIEW,decision=FLAG_FOR_REVIEW; scenario=supply_chain workflow case 4
EV_0005,2026-03-01T00:28:00Z,sales_ops,medium,Operator receives mixed-signal evidence packet #5 | Resolve case 5 under policy constraints and provide final action,PROCEED,decision=PROCEED; scenario=sales_ops workflow case 5
EV_0006,2026-03-01T00:35:00Z,billing_support,low,Operator receives mixed-signal evidence packet #6 | Resolve case 6 under policy constraints and provide final action,FLAG_FOR_REVIEW,decision=FLAG_FOR_REVIEW; scenario=billing_support workflow case 6
EV_0007,2026-03-01T00:42:00Z,sales_ops,medium,Operator receives mixed-signal evidence packet #7 | Resolve case 7 under policy constraints and provide final action,FLAG_FOR_REVIEW,decision=FLAG_FOR_REVIEW; scenario=sales_ops workflow case 7
EV_0008,2026-03-01T00:49:00Z,legal_intake,low,Operator receives mixed-signal evidence packet #8 | Resolve case 8 under policy constraints and provide final action,PROCEED,decision=PROCEED; scenario=legal_intake workflow case 8
EV_0009,2026-03-01T00:56:00Z,legal_intake,low,Operator receives mixed-signal evidence packet #9 | Resolve case 9 under policy constraints and provide final action,PROCEED,decision=PROCEED; scenario=legal_intake workflow case 9
EV_0010,2026-03-01T01:03:00Z,incident_triage,high,Operator receives mixed-signal evidence packet #10 | Resolve case 10 under policy constraints and provide final action,PROCEED,decision=PROCEED; scenario=incident_triage workflow case 10
EV_0011,2026-03-01T01:10:00Z,supply_chain,critical,Operator receives mixed-signal evidence packet #11 | Resolve case 11 under policy constraints and provide final action,FLAG_FOR_REVIEW,decision=FLAG_FOR_REVIEW; scenario=supply_chain workflow case 11
EV_0012,2026-03-01T01:17:00Z,code_review,medium,Operator receives mixed-signal evidence packet #12 | Resolve case 12 under policy constraints and provide final action,PROCEED,decision=PROCEED; scenario=code_review workflow case 12
EV_0013,2026-03-01T01:24:00Z,code_review,critical,Operator receives mixed-signal evidence packet #13 | Resolve case 13 under policy constraints and provide final action,FLAG_FOR_REVIEW,decision=FLAG_FOR_REVIEW; scenario=code_review workflow case 13
EV_0014,2026-03-01T01:31:00Z,sales_ops,critical,Operator receives mixed-signal evidence packet #14 | Resolve case 14 under policy constraints and provide final action,PROCEED,decision=PROCEED; scenario=sales_ops workflow case 14
EV_0015,2026-03-01T01:38:00Z,sales_ops,low,Operator receives mixed-signal evidence packet #15 | Resolve case 15 under policy constraints and provide final action,PROCEED,decision=PROCEED; scenario=sales_ops workflow case 15
EV_0016,2026-03-01T01:45:00Z,clinical_admin,high,Operator receives mixed-signal evidence packet #16 | Resolve case 16 under policy constraints and provide final action,PROCEED,decision=PROCEED; scenario=clinical_admin workflow case 16
EV_0017,2026-03-01T01:52:00Z,code_review,high,Operator receives mixed-signal evidence packet #17 | Resolve case 17 under policy constraints and provide final action,PROCEED,decision=PROCEED; scenario=code_review workflow case 17
EV_0018,2026-03-01T01:59:00Z,billing_support,low,Operator receives mixed-signal evidence packet #18 | Resolve case 18 under policy constraints and provide final action,FLAG_FOR_REVIEW,decision=FLAG_FOR_REVIEW; scenario=billing_support workflow case 18
EV_0019,2026-03-01T02:06:00Z,code_review,high,Operator receives mixed-signal evidence packet #19 | Resolve case 19 under policy constraints and provide final action,FLAG_FOR_REVIEW,decision=FLAG_FOR_REVIEW; scenario=code_review workflow case 19
EV_0020,2026-03-01T02:13:00Z,fraud_screening,high,Operator receives mixed-signal evidence packet #20 | Resolve case 20 under policy constraints and provide final action,PROCEED,decision=PROCEED; scenario=fraud_screening workflow case 20
EV_0021,2026-03-01T02:20:00Z,incident_triage,medium,Operator receives mixed-signal evidence packet #21 | Resolve case 21 under policy constraints and provide final action,PROCEED,decision=PROCEED; scenario=incident_triage workflow case 21
EV_0022,2026-03-01T02:27:00Z,fraud_screening,low,Operator receives mixed-signal evidence packet #22 | Resolve case 22 under policy constraints and provide final action,FLAG_FOR_REVIEW,decision=FLAG_FOR_REVIEW; scenario=fraud_screening workflow case 22
EV_0023,2026-03-01T02:34:00Z,billing_support,high,Operator receives mixed-signal evidence packet #23 | Resolve case 23 under policy constraints and provide final action,FLAG_FOR_REVIEW,decision=FLAG_FOR_REVIEW; scenario=billing_support workflow case 23
EV_0024,2026-03-01T02:41:00Z,billing_support,critical,Operator receives mixed-signal evidence packet #24 | Resolve case 24 under policy constraints and provide final action,FLAG_FOR_REVIEW,decision=FLAG_FOR_REVIEW; scenario=billing_support workflow case 24
EV_0025,2026-03-01T02:48:00Z,supply_chain,medium,Operator receives mixed-signal evidence packet #25 | Resolve case 25 under policy constraints and provide final action,PROCEED,decision=PROCEED; scenario=supply_chain workflow case 25
EV_0026,2026-03-01T02:55:00Z,clinical_admin,low,Operator receives mixed-signal evidence packet #26 | Resolve case 26 under policy constraints and provide final action,FLAG_FOR_REVIEW,decision=FLAG_FOR_REVIEW; scenario=clinical_admin workflow case 26
EV_0027,2026-03-01T03:02:00Z,supply_chain,high,Operator receives mixed-signal evidence packet #27 | Resolve case 27 under policy constraints and provide final action,PROCEED,decision=PROCEED; scenario=supply_chain workflow case 27
EV_0028,2026-03-01T03:09:00Z,billing_support,low,Operator receives mixed-signal evidence packet #28 | Resolve case 28 under policy constraints and provide final action,PROCEED,decision=PROCEED; scenario=billing_support workflow case 28
EV_0029,2026-03-01T03:16:00Z,code_review,medium,Operator receives mixed-signal evidence packet #29 | Resolve case 29 under policy constraints and provide final action,FLAG_FOR_REVIEW,decision=FLAG_FOR_REVIEW; scenario=code_review workflow case 29
EV_0030,2026-03-01T03:23:00Z,code_review,low,Operator receives mixed-signal evidence packet #30 | Resolve case 30 under policy constraints and provide final action,FLAG_FOR_REVIEW,decision=FLAG_FOR_REVIEW; scenario=code_review workflow case 30
EV_0031,2026-03-01T03:30:00Z,sales_ops,high,Operator receives mixed-signal evidence packet #31 | Resolve case 31 under policy constraints and provide final action,FLAG_FOR_REVIEW,decision=FLAG_FOR_REVIEW; scenario=sales_ops workflow case 31
EV_0032,2026-03-01T03:37:00Z,billing_support,medium,Operator receives mixed-signal evidence packet #32 | Resolve case 32 under policy constraints and provide final action,FLAG_FOR_REVIEW,decision=FLAG_FOR_REVIEW; scenario=billing_support workflow case 32
EV_0033,2026-03-01T03:44:00Z,supply_chain,medium,Operator receives mixed-signal evidence packet #33 | Resolve case 33 under policy constraints and provide final action,PROCEED,decision=PROCEED; scenario=supply_chain workflow case 33
EV_0034,2026-03-01T03:51:00Z,fraud_screening,medium,Operator receives mixed-signal evidence packet #34 | Resolve case 34 under policy constraints and provide final action,FLAG_FOR_REVIEW,decision=FLAG_FOR_REVIEW; scenario=fraud_screening workflow case 34
EV_0035,2026-03-01T03:58:00Z,code_review,high,Operator receives mixed-signal evidence packet #35 | Resolve case 35 under policy constraints and provide final action,PROCEED,decision=PROCEED; scenario=code_review workflow case 35
EV_0036,2026-03-01T04:05:00Z,supply_chain,high,Operator receives mixed-signal evidence packet #36 | Resolve case 36 under policy constraints and provide final action,FLAG_FOR_REVIEW,decision=FLAG_FOR_REVIEW; scenario=supply_chain workflow case 36
EV_0037,2026-03-01T04:12:00Z,incident_triage,high,Operator receives mixed-signal evidence packet #37 | Resolve case 37 under policy constraints and provide final action,FLAG_FOR_REVIEW,decision=FLAG_FOR_REVIEW; scenario=incident_triage workflow case 37
EV_0038,2026-03-01T04:19:00Z,incident_triage,medium,Operator receives mixed-signal evidence packet #38 | Resolve case 38 under policy constraints and provide final action,FLAG_FOR_REVIEW,decision=FLAG_FOR_REVIEW; scenario=incident_triage workflow case 38
EV_0039,2026-03-01T04:26:00Z,supply_chain,low,Operator receives mixed-signal evidence packet #39 | Resolve case 39 under policy constraints and provide final action,FLAG_FOR_REVIEW,decision=FLAG_FOR_REVIEW; scenario=supply_chain workflow case 39
EV_0040,2026-03-01T04:33:00Z,clinical_admin,medium,Operator receives mixed-signal evidence packet #40 | Resolve case 40 under policy constraints and provide final action,FLAG_FOR_REVIEW,decision=FLAG_FOR_REVIEW; scenario=clinical_admin workflow case 40
EV_0041,2026-03-01T04:40:00Z,clinical_admin,high,Operator receives mixed-signal evidence packet #41 | Resolve case 41 under policy constraints and provide final action,FLAG_FOR_REVIEW,decision=FLAG_FOR_REVIEW; scenario=clinical_admin workflow case 41
EV_0042,2026-03-01T04:47:00Z,sales_ops,medium,Operator receives mixed-signal evidence packet #42 | Resolve case 42 under policy constraints and provide final action,PROCEED,decision=PROCEED; scenario=sales_ops workflow case 42
EV_0043,2026-03-01T04:54:00Z,fraud_screening,low,Operator receives mixed-signal evidence packet #43 | Resolve case 43 under policy constraints and provide final action,PROCEED,decision=PROCEED; scenario=fraud_screening workflow case 43
EV_0044,2026-03-01T05:01:00Z,code_review,low,Operator receives mixed-signal evidence packet #44 | Resolve case 44 under policy constraints and provide final action,FLAG_FOR_REVIEW,decision=FLAG_FOR_REVIEW; scenario=code_review workflow case 44
EV_0045,2026-03-01T05:08:00Z,supply_chain,low,Operator receives mixed-signal evidence packet #45 | Resolve case 45 under policy constraints and provide final action,FLAG_FOR_REVIEW,decision=FLAG_FOR_REVIEW; scenario=supply_chain workflow case 45
EV_0046,2026-03-01T05:15:00Z,code_review,high,Operator receives mixed-signal evidence packet #46 | Resolve case 46 under policy constraints and provide final action,PROCEED,decision=PROCEED; scenario=code_review workflow case 46
EV_0047,2026-03-01T05:22:00Z,legal_intake,high,Operator receives mixed-signal evidence packet #47 | Resolve case 47 under policy constraints and provide final action,PROCEED,decision=PROCEED; scenario=legal_intake workflow case 47
EV_0048,2026-03-01T05:29:00Z,clinical_admin,medium,Operator receives mixed-signal evidence packet #48 | Resolve case 48 under policy constraints and provide final action,FLAG_FOR_REVIEW,decision=FLAG_FOR_REVIEW; scenario=clinical_admin workflow case 48
EV_0049,2026-03-01T05:36:00Z,clinical_admin,low,Operator receives mixed-signal evidence packet #49 | Resolve case 49 under policy constraints and provide final action,FLAG_FOR_REVIEW,decision=FLAG_FOR_REVIEW; scenario=clinical_admin workflow case 49
EV_0050,2026-03-01T05:43:00Z,legal_intake,high,Operator receives mixed-signal evidence packet #50 | Resolve case 50 under policy constraints and provide final action,FLAG_FOR_REVIEW,decision=FLAG_FOR_REVIEW; scenario=legal_intake workflow case 50
EV_0051,2026-03-01T05:50:00Z,billing_support,medium,Operator receives mixed-signal evidence packet #51 | Resolve case 51 under policy constraints and provide final action,PROCEED,decision=PROCEED; scenario=billing_support workflow case 51
EV_0052,2026-03-01T05:57:00Z,incident_triage,low,Operator receives mixed-signal evidence packet #52 | Resolve case 52 under policy constraints and provide final action,PROCEED,decision=PROCEED; scenario=incident_triage workflow case 52
EV_0053,2026-03-01T06:04:00Z,supply_chain,high,Operator receives mixed-signal evidence packet #53 | Resolve case 53 under policy constraints and provide final action,PROCEED,decision=PROCEED; scenario=supply_chain workflow case 53
EV_0054,2026-03-01T06:11:00Z,sales_ops,critical,Operator receives mixed-signal evidence packet #54 | Resolve case 54 under policy constraints and provide final action,PROCEED,decision=PROCEED; scenario=sales_ops workflow case 54
EV_0055,2026-03-01T06:18:00Z,billing_support,low,Operator receives mixed-signal evidence packet #55 | Resolve case 55 under policy constraints and provide final action,PROCEED,decision=PROCEED; scenario=billing_support workflow case 55
EV_0056,2026-03-01T06:25:00Z,supply_chain,low,Operator receives mixed-signal evidence packet #56 | Resolve case 56 under policy constraints and provide final action,FLAG_FOR_REVIEW,decision=FLAG_FOR_REVIEW; scenario=supply_chain workflow case 56
EV_0057,2026-03-01T06:32:00Z,supply_chain,low,Operator receives mixed-signal evidence packet #57 | Resolve case 57 under policy constraints and provide final action,PROCEED,decision=PROCEED; scenario=supply_chain workflow case 57
EV_0058,2026-03-01T06:39:00Z,legal_intake,medium,Operator receives mixed-signal evidence packet #58 | Resolve case 58 under policy constraints and provide final action,FLAG_FOR_REVIEW,decision=FLAG_FOR_REVIEW; scenario=legal_intake workflow case 58
EV_0059,2026-03-01T06:46:00Z,sales_ops,high,Operator receives mixed-signal evidence packet #59 | Resolve case 59 under policy constraints and provide final action,PROCEED,decision=PROCEED; scenario=sales_ops workflow case 59
EV_0060,2026-03-01T06:53:00Z,billing_support,critical,Operator receives mixed-signal evidence packet #60 | Resolve case 60 under policy constraints and provide final action,PROCEED,decision=PROCEED; scenario=billing_support workflow case 60
EV_0061,2026-03-01T07:00:00Z,clinical_admin,high,Operator receives mixed-signal evidence packet #61 | Resolve case 61 under policy constraints and provide final action,PROCEED,decision=PROCEED; scenario=clinical_admin workflow case 61
EV_0062,2026-03-01T07:07:00Z,fraud_screening,high,Operator receives mixed-signal evidence packet #62 | Resolve case 62 under policy constraints and provide final action,PROCEED,decision=PROCEED; scenario=fraud_screening workflow case 62
EV_0063,2026-03-01T07:14:00Z,sales_ops,critical,Operator receives mixed-signal evidence packet #63 | Resolve case 63 under policy constraints and provide final action,FLAG_FOR_REVIEW,decision=FLAG_FOR_REVIEW; scenario=sales_ops workflow case 63
EV_0064,2026-03-01T07:21:00Z,clinical_admin,high,Operator receives mixed-signal evidence packet #64 | Resolve case 64 under policy constraints and provide final action,PROCEED,decision=PROCEED; scenario=clinical_admin workflow case 64
EV_0065,2026-03-01T07:28:00Z,fraud_screening,low,Operator receives mixed-signal evidence packet #65 | Resolve case 65 under policy constraints and provide final action,FLAG_FOR_REVIEW,decision=FLAG_FOR_REVIEW; scenario=fraud_screening workflow case 65
EV_0066,2026-03-01T07:35:00Z,supply_chain,medium,Operator receives mixed-signal evidence packet #66 | Resolve case 66 under policy constraints and provide final action,PROCEED,decision=PROCEED; scenario=supply_chain workflow case 66
EV_0067,2026-03-01T07:42:00Z,sales_ops,high,Operator receives mixed-signal evidence packet #67 | Resolve case 67 under policy constraints and provide final action,FLAG_FOR_REVIEW,decision=FLAG_FOR_REVIEW; scenario=sales_ops workflow case 67
EV_0068,2026-03-01T07:49:00Z,sales_ops,medium,Operator receives mixed-signal evidence packet #68 | Resolve case 68 under policy constraints and provide final action,PROCEED,decision=PROCEED; scenario=sales_ops workflow case 68
EV_0069,2026-03-01T07:56:00Z,billing_support,medium,Operator receives mixed-signal evidence packet #69 | Resolve case 69 under policy constraints and provide final action,FLAG_FOR_REVIEW,decision=FLAG_FOR_REVIEW; scenario=billing_support workflow case 69
EV_0070,2026-03-01T08:03:00Z,billing_support,high,Operator receives mixed-signal evidence packet #70 | Resolve case 70 under policy constraints and provide final action,FLAG_FOR_REVIEW,decision=FLAG_FOR_REVIEW; scenario=billing_support workflow case 70
EV_0071,2026-03-01T08:10:00Z,billing_support,medium,Operator receives mixed-signal evidence packet #71 | Resolve case 71 under policy constraints and provide final action,FLAG_FOR_REVIEW,decision=FLAG_FOR_REVIEW; scenario=billing_support workflow case 71
EV_0072,2026-03-01T08:17:00Z,clinical_admin,high,Operator receives mixed-signal evidence packet #72 | Resolve case 72 under policy constraints and provide final action,FLAG_FOR_REVIEW,decision=FLAG_FOR_REVIEW; scenario=clinical_admin workflow case 72
EV_0073,2026-03-01T08:24:00Z,legal_intake,low,Operator receives mixed-signal evidence packet #73 | Resolve case 73 under policy constraints and provide final action,PROCEED,decision=PROCEED; scenario=legal_intake workflow case 73
EV_0074,2026-03-01T08:31:00Z,legal_intake,low,Operator receives mixed-signal evidence packet #74 | Resolve case 74 under policy constraints and provide final action,FLAG_FOR_REVIEW,decision=FLAG_FOR_REVIEW; scenario=legal_intake workflow case 74
EV_0075,2026-03-01T08:38:00Z,legal_intake,medium,Operator receives mixed-signal evidence packet #75 | Resolve case 75 under policy constraints and provide final action,FLAG_FOR_REVIEW,decision=FLAG_FOR_REVIEW; scenario=legal_intake workflow case 75
EV_0076,2026-03-01T08:45:00Z,fraud_screening,medium,Operator receives mixed-signal evidence packet #76 | Resolve case 76 under policy constraints and provide final action,PROCEED,decision=PROCEED; scenario=fraud_screening workflow case 76
EV_0077,2026-03-01T08:52:00Z,code_review,medium,Operator receives mixed-signal evidence packet #77 | Resolve case 77 under policy constraints and provide final action,PROCEED,decision=PROCEED; scenario=code_review workflow case 77
EV_0078,2026-03-01T08:59:00Z,clinical_admin,medium,Operator receives mixed-signal evidence packet #78 | Resolve case 78 under policy constraints and provide final action,PROCEED,decision=PROCEED; scenario=clinical_admin workflow case 78
EV_0079,2026-03-01T09:06:00Z,supply_chain,high,Operator receives mixed-signal evidence packet #79 | Resolve case 79 under policy constraints and provide final action,PROCEED,decision=PROCEED; scenario=supply_chain workflow case 79
EV_0080,2026-03-01T09:13:00Z,legal_intake,low,Operator receives mixed-signal evidence packet #80 | Resolve case 80 under policy constraints and provide final action,FLAG_FOR_REVIEW,decision=FLAG_FOR_REVIEW; scenario=legal_intake workflow case 80
EV_0081,2026-03-01T09:20:00Z,code_review,medium,Operator receives mixed-signal evidence packet #81 | Resolve case 81 under policy constraints and provide final action,PROCEED,decision=PROCEED; scenario=code_review workflow case 81
EV_0082,2026-03-01T09:27:00Z,supply_chain,medium,Operator receives mixed-signal evidence packet #82 | Resolve case 82 under policy constraints and provide final action,FLAG_FOR_REVIEW,decision=FLAG_FOR_REVIEW; scenario=supply_chain workflow case 82
EV_0083,2026-03-01T09:34:00Z,supply_chain,high,Operator receives mixed-signal evidence packet #83 | Resolve case 83 under policy constraints and provide final action,PROCEED,decision=PROCEED; scenario=supply_chain workflow case 83
EV_0084,2026-03-01T09:41:00Z,billing_support,low,Operator receives mixed-signal evidence packet #84 | Resolve case 84 under policy constraints and provide final action,PROCEED,decision=PROCEED; scenario=billing_support workflow case 84
EV_0085,2026-03-01T09:48:00Z,code_review,low,Operator receives mixed-signal evidence packet #85 | Resolve case 85 under policy constraints and provide final action,FLAG_FOR_REVIEW,decision=FLAG_FOR_REVIEW; scenario=code_review workflow case 85
EV_0086,2026-03-01T09:55:00Z,code_review,medium,Operator receives mixed-signal evidence packet #86 | Resolve case 86 under policy constraints and provide final action,FLAG_FOR_REVIEW,decision=FLAG_FOR_REVIEW; scenario=code_review workflow case 86
EV_0087,2026-03-01T10:02:00Z,supply_chain,medium,Operator receives mixed-signal evidence packet #87 | Resolve case 87 under policy constraints and provide final action,PROCEED,decision=PROCEED; scenario=supply_chain workflow case 87
EV_0088,2026-03-01T10:09:00Z,billing_support,medium,Operator receives mixed-signal evidence packet #88 | Resolve case 88 under policy constraints and provide final action,FLAG_FOR_REVIEW,decision=FLAG_FOR_REVIEW; scenario=billing_support workflow case 88
EV_0089,2026-03-01T10:16:00Z,billing_support,high,Operator receives mixed-signal evidence packet #89 | Resolve case 89 under policy constraints and provide final action,FLAG_FOR_REVIEW,decision=FLAG_FOR_REVIEW; scenario=billing_support workflow case 89
EV_0090,2026-03-01T10:23:00Z,billing_support,medium,Operator receives mixed-signal evidence packet #90 | Resolve case 90 under policy constraints and provide final action,FLAG_FOR_REVIEW,decision=FLAG_FOR_REVIEW; scenario=billing_support workflow case 90
EV_0091,2026-03-01T10:30:00Z,billing_support,high,Operator receives mixed-signal evidence packet #91 | Resolve case 91 under policy constraints and provide final action,PROCEED,decision=PROCEED; scenario=billing_support workflow case 91
EV_0092,2026-03-01T10:37:00Z,code_review,medium,Operator receives mixed-signal evidence packet #92 | Resolve case 92 under policy constraints and provide final action,PROCEED,decision=PROCEED; scenario=code_review workflow case 92
EV_0093,2026-03-01T10:44:00Z,billing_support,medium,Operator receives mixed-signal evidence packet #93 | Resolve case 93 under policy constraints and provide final action,FLAG_FOR_REVIEW,decision=FLAG_FOR_REVIEW; scenario=billing_support workflow case 93
EV_0094,2026-03-01T10:51:00Z,incident_triage,low,Operator receives mixed-signal evidence packet #94 | Resolve case 94 under policy constraints and provide final action,PROCEED,decision=PROCEED; scenario=incident_triage workflow case 94
EV_0095,2026-03-01T10:58:00Z,clinical_admin,medium,Operator receives mixed-signal evidence packet #95 | Resolve case 95 under policy constraints and provide final action,PROCEED,decision=PROCEED; scenario=clinical_admin workflow case 95
EV_0096,2026-03-01T11:05:00Z,legal_intake,low,Operator receives mixed-signal evidence packet #96 | Resolve case 96 under policy constraints and provide final action,PROCEED,decision=PROCEED; scenario=legal_intake workflow case 96
EV_0097,2026-03-01T11:12:00Z,code_review,high,Operator receives mixed-signal evidence packet #97 | Resolve case 97 under policy constraints and provide final action,FLAG_FOR_REVIEW,decision=FLAG_FOR_REVIEW; scenario=code_review workflow case 97
EV_0098,2026-03-01T11:19:00Z,supply_chain,high,Operator receives mixed-signal evidence packet #98 | Resolve case 98 under policy constraints and provide final action,PROCEED,decision=PROCEED; scenario=supply_chain workflow case 98
EV_0099,2026-03-01T11:26:00Z,sales_ops,medium,Operator receives mixed-signal evidence packet #99 | Resolve case 99 under policy constraints and provide final action,FLAG_FOR_REVIEW,decision=FLAG_FOR_REVIEW; scenario=sales_ops workflow case 99
EV_0100,2026-03-01T11:33:00Z,fraud_screening,low,Operator receives mixed-signal evidence packet #100 | Resolve case 100 under policy constraints and provide final action,FLAG_FOR_REVIEW,decision=FLAG_FOR_REVIEW; scenario=fraud_screening workflow case 100
EV_0101,2026-03-01T11:40:00Z,supply_chain,critical,Operator receives mixed-signal evidence packet #101 | Resolve case 101 under policy constraints and provide final action,FLAG_FOR_REVIEW,decision=FLAG_FOR_REVIEW; scenario=supply_chain workflow case 101
EV_0102,2026-03-01T11:47:00Z,incident_triage,medium,Operator receives mixed-signal evidence packet #102 | Resolve case 102 under policy constraints and provide final action,PROCEED,decision=PROCEED; scenario=incident_triage workflow case 102
EV_0103,2026-03-01T11:54:00Z,code_review,critical,Operator receives mixed-signal evidence packet #103 | Resolve case 103 under policy constraints and provide final action,FLAG_FOR_REVIEW,decision=FLAG_FOR_REVIEW; scenario=code_review workflow case 103
EV_0104,2026-03-01T12:01:00Z,supply_chain,high,Operator receives mixed-signal evidence packet #104 | Resolve case 104 under policy constraints and provide final action,PROCEED,decision=PROCEED; scenario=supply_chain workflow case 104
EV_0105,2026-03-01T12:08:00Z,clinical_admin,medium,Operator receives mixed-signal evidence packet #105 | Resolve case 105 under policy constraints and provide final action,PROCEED,decision=PROCEED; scenario=clinical_admin workflow case 105
EV_0106,2026-03-01T12:15:00Z,incident_triage,low,Operator receives mixed-signal evidence packet #106 | Resolve case 106 under policy constraints and provide final action,FLAG_FOR_REVIEW,decision=FLAG_FOR_REVIEW; scenario=incident_triage workflow case 106
EV_0107,2026-03-01T12:22:00Z,sales_ops,medium,Operator receives mixed-signal evidence packet #107 | Resolve case 107 under policy constraints and provide final action,FLAG_FOR_REVIEW,decision=FLAG_FOR_REVIEW; scenario=sales_ops workflow case 107
EV_0108,2026-03-01T12:29:00Z,supply_chain,high,Operator receives mixed-signal evidence packet #108 | Resolve case 108 under policy constraints and provide final action,PROCEED,decision=PROCEED; scenario=supply_chain workflow case 108
EV_0109,2026-03-01T12:36:00Z,supply_chain,medium,Operator receives mixed-signal evidence packet #109 | Resolve case 109 under policy constraints and provide final action,FLAG_FOR_REVIEW,decision=FLAG_FOR_REVIEW; scenario=supply_chain workflow case 109
EV_0110,2026-03-01T12:43:00Z,supply_chain,high,Operator receives mixed-signal evidence packet #110 | Resolve case 110 under policy constraints and provide final action,PROCEED,decision=PROCEED; scenario=supply_chain workflow case 110
EV_0111,2026-03-01T12:50:00Z,billing_support,low,Operator receives mixed-signal evidence packet #111 | Resolve case 111 under policy constraints and provide final action,FLAG_FOR_REVIEW,decision=FLAG_FOR_REVIEW; scenario=billing_support workflow case 111
EV_0112,2026-03-01T12:57:00Z,sales_ops,medium,Operator receives mixed-signal evidence packet #112 | Resolve case 112 under policy constraints and provide final action,FLAG_FOR_REVIEW,decision=FLAG_FOR_REVIEW; scenario=sales_ops workflow case 112
EV_0113,2026-03-01T13:04:00Z,sales_ops,medium,Operator receives mixed-signal evidence packet #113 | Resolve case 113 under policy constraints and provide final action,PROCEED,decision=PROCEED; scenario=sales_ops workflow case 113
EV_0114,2026-03-01T13:11:00Z,incident_triage,medium,Operator receives mixed-signal evidence packet #114 | Resolve case 114 under policy constraints and provide final action,PROCEED,decision=PROCEED; scenario=incident_triage workflow case 114
EV_0115,2026-03-01T13:18:00Z,supply_chain,low,Operator receives mixed-signal evidence packet #115 | Resolve case 115 under policy constraints and provide final action,PROCEED,decision=PROCEED; scenario=supply_chain workflow case 115
EV_0116,2026-03-01T13:25:00Z,billing_support,medium,Operator receives mixed-signal evidence packet #116 | Resolve case 116 under policy constraints and provide final action,FLAG_FOR_REVIEW,decision=FLAG_FOR_REVIEW; scenario=billing_support workflow case 116
EV_0117,2026-03-01T13:32:00Z,clinical_admin,low,Operator receives mixed-signal evidence packet #117 | Resolve case 117 under policy constraints and provide final action,FLAG_FOR_REVIEW,decision=FLAG_FOR_REVIEW; scenario=clinical_admin workflow case 117
EV_0118,2026-03-01T13:39:00Z,fraud_screening,medium,Operator receives mixed-signal evidence packet #118 | Resolve case 118 under policy constraints and provide final action,FLAG_FOR_REVIEW,decision=FLAG_FOR_REVIEW; scenario=fraud_screening workflow case 118
EV_0119,2026-03-01T13:46:00Z,clinical_admin,high,Operator receives mixed-signal evidence packet #119 | Resolve case 119 under policy constraints and provide final action,FLAG_FOR_REVIEW,decision=FLAG_FOR_REVIEW; scenario=clinical_admin workflow case 119
EV_0120,2026-03-01T13:53:00Z,supply_chain,medium,Operator receives mixed-signal evidence packet #120 | Resolve case 120 under policy constraints and provide final action,PROCEED,decision=PROCEED; scenario=supply_chain workflow case 120
EV_0121,2026-03-01T14:00:00Z,sales_ops,medium,Operator receives mixed-signal evidence packet #121 | Resolve case 121 under policy constraints and provide final action,PROCEED,decision=PROCEED; scenario=sales_ops workflow case 121
EV_0122,2026-03-01T14:07:00Z,code_review,high,Operator receives mixed-signal evidence packet #122 | Resolve case 122 under policy constraints and provide final action,FLAG_FOR_REVIEW,decision=FLAG_FOR_REVIEW; scenario=code_review workflow case 122
EV_0123,2026-03-01T14:14:00Z,code_review,low,Operator receives mixed-signal evidence packet #123 | Resolve case 123 under policy constraints and provide final action,FLAG_FOR_REVIEW,decision=FLAG_FOR_REVIEW; scenario=code_review workflow case 123
EV_0124,2026-03-01T14:21:00Z,fraud_screening,low,Operator receives mixed-signal evidence packet #124 | Resolve case 124 under policy constraints and provide final action,FLAG_FOR_REVIEW,decision=FLAG_FOR_REVIEW; scenario=fraud_screening workflow case 124
EV_0125,2026-03-01T14:28:00Z,incident_triage,critical,Operator receives mixed-signal evidence packet #125 | Resolve case 125 under policy constraints and provide final action,FLAG_FOR_REVIEW,decision=FLAG_FOR_REVIEW; scenario=incident_triage workflow case 125
EV_0126,2026-03-01T14:35:00Z,incident_triage,medium,Operator receives mixed-signal evidence packet #126 | Resolve case 126 under policy constraints and provide final action,PROCEED,decision=PROCEED; scenario=incident_triage workflow case 126
EV_0127,2026-03-01T14:42:00Z,code_review,medium,Operator receives mixed-signal evidence packet #127 | Resolve case 127 under policy constraints and provide final action,PROCEED,decision=PROCEED; scenario=code_review workflow case 127
EV_0128,2026-03-01T14:49:00Z,code_review,medium,Operator receives mixed-signal evidence packet #128 | Resolve case 128 under policy constraints and provide final action,FLAG_FOR_REVIEW,decision=FLAG_FOR_REVIEW; scenario=code_review workflow case 128
EV_0129,2026-03-01T14:56:00Z,legal_intake,medium,Operator receives mixed-signal evidence packet #129 | Resolve case 129 under policy constraints and provide final action,PROCEED,decision=PROCEED; scenario=legal_intake workflow case 129
EV_0130,2026-03-01T15:03:00Z,legal_intake,low,Operator receives mixed-signal evidence packet #130 | Resolve case 130 under policy constraints and provide final action,FLAG_FOR_REVIEW,decision=FLAG_FOR_REVIEW; scenario=legal_intake workflow case 130
EV_0131,2026-03-01T15:10:00Z,code_review,medium,Operator receives mixed-signal evidence packet #131 | Resolve case 131 under policy constraints and provide final action,FLAG_FOR_REVIEW,decision=FLAG_FOR_REVIEW; scenario=code_review workflow case 131
EV_0132,2026-03-01T15:17:00Z,clinical_admin,medium,Operator receives mixed-signal evidence packet #132 | Resolve case 132 under policy constraints and provide final action,PROCEED,decision=PROCEED; scenario=clinical_admin workflow case 132
EV_0133,2026-03-01T15:24:00Z,incident_triage,low,Operator receives mixed-signal evidence packet #133 | Resolve case 133 under policy constraints and provide final action,FLAG_FOR_REVIEW,decision=FLAG_FOR_REVIEW; scenario=incident_triage workflow case 133
EV_0134,2026-03-01T15:31:00Z,supply_chain,medium,Operator receives mixed-signal evidence packet #134 | Resolve case 134 under policy constraints and provide final action,PROCEED,decision=PROCEED; scenario=supply_chain workflow case 134
EV_0135,2026-03-01T15:38:00Z,code_review,low,Operator receives mixed-signal evidence packet #135 | Resolve case 135 under policy constraints and provide final action,PROCEED,decision=PROCEED; scenario=code_review workflow case 135
EV_0136,2026-03-01T15:45:00Z,supply_chain,low,Operator receives mixed-signal evidence packet #136 | Resolve case 136 under policy constraints and provide final action,PROCEED,decision=PROCEED; scenario=supply_chain workflow case 136
EV_0137,2026-03-01T15:52:00Z,legal_intake,low,Operator receives mixed-signal evidence packet #137 | Resolve case 137 under policy constraints and provide final action,PROCEED,decision=PROCEED; scenario=legal_intake workflow case 137
EV_0138,2026-03-01T15:59:00Z,sales_ops,low,Operator receives mixed-signal evidence packet #138 | Resolve case 138 under policy constraints and provide final action,PROCEED,decision=PROCEED; scenario=sales_ops workflow case 138
EV_0139,2026-03-01T16:06:00Z,supply_chain,low,Operator receives mixed-signal evidence packet #139 | Resolve case 139 under policy constraints and provide final action,FLAG_FOR_REVIEW,decision=FLAG_FOR_REVIEW; scenario=supply_chain workflow case 139
EV_0140,2026-03-01T16:13:00Z,clinical_admin,low,Operator receives mixed-signal evidence packet #140 | Resolve case 140 under policy constraints and provide final action,FLAG_FOR_REVIEW,decision=FLAG_FOR_REVIEW; scenario=clinical_admin workflow case 140
EV_0141,2026-03-01T16:20:00Z,fraud_screening,medium,Operator receives mixed-signal evidence packet #141 | Resolve case 141 under policy constraints and provide final action,FLAG_FOR_REVIEW,decision=FLAG_FOR_REVIEW; scenario=fraud_screening workflow case 141
EV_0142,2026-03-01T16:27:00Z,fraud_screening,medium,Operator receives mixed-signal evidence packet #142 | Resolve case 142 under policy constraints and provide final action,PROCEED,decision=PROCEED; scenario=fraud_screening workflow case 142
EV_0143,2026-03-01T16:34:00Z,fraud_screening,medium,Operator receives mixed-signal evidence packet #143 | Resolve case 143 under policy constraints and provide final action,FLAG_FOR_REVIEW,decision=FLAG_FOR_REVIEW; scenario=fraud_screening workflow case 143
EV_0144,2026-03-01T16:41:00Z,legal_intake,low,Operator receives mixed-signal evidence packet #144 | Resolve case 144 under policy constraints and provide final action,PROCEED,decision=PROCEED; scenario=legal_intake workflow case 144
EV_0145,2026-03-01T16:48:00Z,code_review,low,Operator receives mixed-signal evidence packet #145 | Resolve case 145 under policy constraints and provide final action,PROCEED,decision=PROCEED; scenario=code_review workflow case 145
EV_0146,2026-03-01T16:55:00Z,sales_ops,critical,Operator receives mixed-signal evidence packet #146 | Resolve case 146 under policy constraints and provide final action,PROCEED,decision=PROCEED; scenario=sales_ops workflow case 146
EV_0147,2026-03-01T17:02:00Z,legal_intake,medium,Operator receives mixed-signal evidence packet #147 | Resolve case 147 under policy constraints and provide final action,FLAG_FOR_REVIEW,decision=FLAG_FOR_REVIEW; scenario=legal_intake workflow case 147
EV_0148,2026-03-01T17:09:00Z,sales_ops,high,Operator receives mixed-signal evidence packet #148 | Resolve case 148 under policy constraints and provide final action,FLAG_FOR_REVIEW,decision=FLAG_FOR_REVIEW; scenario=sales_ops workflow case 148
EV_0149,2026-03-01T17:16:00Z,sales_ops,high,Operator receives mixed-signal evidence packet #149 | Resolve case 149 under policy constraints and provide final action,FLAG_FOR_REVIEW,decision=FLAG_FOR_REVIEW; scenario=sales_ops workflow case 149
EV_0150,2026-03-01T17:23:00Z,incident_triage,low,Operator receives mixed-signal evidence packet #150 | Resolve case 150 under policy constraints and provide final action,FLAG_FOR_REVIEW,decision=FLAG_FOR_REVIEW; scenario=incident_triage workflow case 150
EV_0151,2026-03-01T17:30:00Z,clinical_admin,medium,Operator receives mixed-signal evidence packet #151 | Resolve case 151 under policy constraints and provide final action,FLAG_FOR_REVIEW,decision=FLAG_FOR_REVIEW; scenario=clinical_admin workflow case 151
EV_0152,2026-03-01T17:37:00Z,supply_chain,low,Operator receives mixed-signal evidence packet #152 | Resolve case 152 under policy constraints and provide final action,FLAG_FOR_REVIEW,decision=FLAG_FOR_REVIEW; scenario=supply_chain workflow case 152
EV_0153,2026-03-01T17:44:00Z,sales_ops,low,Operator receives mixed-signal evidence packet #153 | Resolve case 153 under policy constraints and provide final action,PROCEED,decision=PROCEED; scenario=sales_ops workflow case 153
EV_0154,2026-03-01T17:51:00Z,billing_support,low,Operator receives mixed-signal evidence packet #154 | Resolve case 154 under policy constraints and provide final action,FLAG_FOR_REVIEW,decision=FLAG_FOR_REVIEW; scenario=billing_support workflow case 154
EV_0155,2026-03-01T17:58:00Z,supply_chain,low,Operator receives mixed-signal evidence packet #155 | Resolve case 155 under policy constraints and provide final action,PROCEED,decision=PROCEED; scenario=supply_chain workflow case 155
EV_0156,2026-03-01T18:05:00Z,billing_support,high,Operator receives mixed-signal evidence packet #156 | Resolve case 156 under policy constraints and provide final action,PROCEED,decision=PROCEED; scenario=billing_support workflow case 156
EV_0157,2026-03-01T18:12:00Z,supply_chain,medium,Operator receives mixed-signal evidence packet #157 | Resolve case 157 under policy constraints and provide final action,FLAG_FOR_REVIEW,decision=FLAG_FOR_REVIEW; scenario=supply_chain workflow case 157
EV_0158,2026-03-01T18:19:00Z,billing_support,medium,Operator receives mixed-signal evidence packet #158 | Resolve case 158 under policy constraints and provide final action,FLAG_FOR_REVIEW,decision=FLAG_FOR_REVIEW; scenario=billing_support workflow case 158
EV_0159,2026-03-01T18:26:00Z,incident_triage,medium,Operator receives mixed-signal evidence packet #159 | Resolve case 159 under policy constraints and provide final action,PROCEED,decision=PROCEED; scenario=incident_triage workflow case 159
EV_0160,2026-03-01T18:33:00Z,clinical_admin,high,Operator receives mixed-signal evidence packet #160 | Resolve case 160 under policy constraints and provide final action,FLAG_FOR_REVIEW,decision=FLAG_FOR_REVIEW; scenario=clinical_admin workflow case 160
EV_0161,2026-03-01T18:40:00Z,legal_intake,critical,Operator receives mixed-signal evidence packet #161 | Resolve case 161 under policy constraints and provide final action,PROCEED,decision=PROCEED; scenario=legal_intake workflow case 161
EV_0162,2026-03-01T18:47:00Z,supply_chain,low,Operator receives mixed-signal evidence packet #162 | Resolve case 162 under policy constraints and provide final action,FLAG_FOR_REVIEW,decision=FLAG_FOR_REVIEW; scenario=supply_chain workflow case 162
EV_0163,2026-03-01T18:54:00Z,code_review,high,Operator receives mixed-signal evidence packet #163 | Resolve case 163 under policy constraints and provide final action,PROCEED,decision=PROCEED; scenario=code_review workflow case 163
EV_0164,2026-03-01T19:01:00Z,legal_intake,high,Operator receives mixed-signal evidence packet #164 | Resolve case 164 under policy constraints and provide final action,FLAG_FOR_REVIEW,decision=FLAG_FOR_REVIEW; scenario=legal_intake workflow case 164
EV_0165,2026-03-01T19:08:00Z,legal_intake,medium,Operator receives mixed-signal evidence packet #165 | Resolve case 165 under policy constraints and provide final action,FLAG_FOR_REVIEW,decision=FLAG_FOR_REVIEW; scenario=legal_intake workflow case 165
EV_0166,2026-03-01T19:15:00Z,legal_intake,low,Operator receives mixed-signal evidence packet #166 | Resolve case 166 under policy constraints and provide final action,FLAG_FOR_REVIEW,decision=FLAG_FOR_REVIEW; scenario=legal_intake workflow case 166
EV_0167,2026-03-01T19:22:00Z,incident_triage,high,Operator receives mixed-signal evidence packet #167 | Resolve case 167 under policy constraints and provide final action,PROCEED,decision=PROCEED; scenario=incident_triage workflow case 167
EV_0168,2026-03-01T19:29:00Z,sales_ops,medium,Operator receives mixed-signal evidence packet #168 | Resolve case 168 under policy constraints and provide final action,PROCEED,decision=PROCEED; scenario=sales_ops workflow case 168
EV_0169,2026-03-01T19:36:00Z,incident_triage,low,Operator receives mixed-signal evidence packet #169 | Resolve case 169 under policy constraints and provide final action,PROCEED,decision=PROCEED; scenario=incident_triage workflow case 169
EV_0170,2026-03-01T19:43:00Z,code_review,low,Operator receives mixed-signal evidence packet #170 | Resolve case 170 under policy constraints and provide final action,FLAG_FOR_REVIEW,decision=FLAG_FOR_REVIEW; scenario=code_review workflow case 170
EV_0171,2026-03-01T19:50:00Z,incident_triage,low,Operator receives mixed-signal evidence packet #171 | Resolve case 171 under policy constraints and provide final action,PROCEED,decision=PROCEED; scenario=incident_triage workflow case 171
EV_0172,2026-03-01T19:57:00Z,supply_chain,high,Operator receives mixed-signal evidence packet #172 | Resolve case 172 under policy constraints and provide final action,PROCEED,decision=PROCEED; scenario=supply_chain workflow case 172
EV_0173,2026-03-01T20:04:00Z,code_review,low,Operator receives mixed-signal evidence packet #173 | Resolve case 173 under policy constraints and provide final action,FLAG_FOR_REVIEW,decision=FLAG_FOR_REVIEW; scenario=code_review workflow case 173
EV_0174,2026-03-01T20:11:00Z,sales_ops,high,Operator receives mixed-signal evidence packet #174 | Resolve case 174 under policy constraints and provide final action,FLAG_FOR_REVIEW,decision=FLAG_FOR_REVIEW; scenario=sales_ops workflow case 174
EV_0175,2026-03-01T20:18:00Z,supply_chain,low,Operator receives mixed-signal evidence packet #175 | Resolve case 175 under policy constraints and provide final action,FLAG_FOR_REVIEW,decision=FLAG_FOR_REVIEW; scenario=supply_chain workflow case 175
EV_0176,2026-03-01T20:25:00Z,legal_intake,high,Operator receives mixed-signal evidence packet #176 | Resolve case 176 under policy constraints and provide final action,FLAG_FOR_REVIEW,decision=FLAG_FOR_REVIEW; scenario=legal_intake workflow case 176
EV_0177,2026-03-01T20:32:00Z,supply_chain,medium,Operator receives mixed-signal evidence packet #177 | Resolve case 177 under policy constraints and provide final action,FLAG_FOR_REVIEW,decision=FLAG_FOR_REVIEW; scenario=supply_chain workflow case 177
EV_0178,2026-03-01T20:39:00Z,supply_chain,low,Operator receives mixed-signal evidence packet #178 | Resolve case 178 under policy constraints and provide final action,PROCEED,decision=PROCEED; scenario=supply_chain workflow case 178
EV_0179,2026-03-01T20:46:00Z,legal_intake,high,Operator receives mixed-signal evidence packet #179 | Resolve case 179 under policy constraints and provide final action,FLAG_FOR_REVIEW,decision=FLAG_FOR_REVIEW; scenario=legal_intake workflow case 179
EV_0180,2026-03-01T20:53:00Z,legal_intake,low,Operator receives mixed-signal evidence packet #180 | Resolve case 180 under policy constraints and provide final action,PROCEED,decision=PROCEED; scenario=legal_intake workflow case 180
EV_0181,2026-03-01T21:00:00Z,supply_chain,low,Operator receives mixed-signal evidence packet #181 | Resolve case 181 under policy constraints and provide final action,PROCEED,decision=PROCEED; scenario=supply_chain workflow case 181
EV_0182,2026-03-01T21:07:00Z,sales_ops,low,Operator receives mixed-signal evidence packet #182 | Resolve case 182 under policy constraints and provide final action,PROCEED,decision=PROCEED; scenario=sales_ops workflow case 182
EV_0183,2026-03-01T21:14:00Z,supply_chain,high,Operator receives mixed-signal evidence packet #183 | Resolve case 183 under policy constraints and provide final action,PROCEED,decision=PROCEED; scenario=supply_chain workflow case 183
EV_0184,2026-03-01T21:21:00Z,billing_support,low,Operator receives mixed-signal evidence packet #184 | Resolve case 184 under policy constraints and provide final action,PROCEED,decision=PROCEED; scenario=billing_support workflow case 184
EV_0185,2026-03-01T21:28:00Z,clinical_admin,high,Operator receives mixed-signal evidence packet #185 | Resolve case 185 under policy constraints and provide final action,PROCEED,decision=PROCEED; scenario=clinical_admin workflow case 185
EV_0186,2026-03-01T21:35:00Z,supply_chain,medium,Operator receives mixed-signal evidence packet #186 | Resolve case 186 under policy constraints and provide final action,PROCEED,decision=PROCEED; scenario=supply_chain workflow case 186
EV_0187,2026-03-01T21:42:00Z,clinical_admin,low,Operator receives mixed-signal evidence packet #187 | Resolve case 187 under policy constraints and provide final action,PROCEED,decision=PROCEED; scenario=clinical_admin workflow case 187
EV_0188,2026-03-01T21:49:00Z,legal_intake,medium,Operator receives mixed-signal evidence packet #188 | Resolve case 188 under policy constraints and provide final action,FLAG_FOR_REVIEW,decision=FLAG_FOR_REVIEW; scenario=legal_intake workflow case 188
EV_0189,2026-03-01T21:56:00Z,billing_support,medium,Operator receives mixed-signal evidence packet #189 | Resolve case 189 under policy constraints and provide final action,FLAG_FOR_REVIEW,decision=FLAG_FOR_REVIEW; scenario=billing_support workflow case 189
EV_0190,2026-03-01T22:03:00Z,legal_intake,critical,Operator receives mixed-signal evidence packet #190 | Resolve case 190 under policy constraints and provide final action,PROCEED,decision=PROCEED; scenario=legal_intake workflow case 190
EV_0191,2026-03-01T22:10:00Z,clinical_admin,medium,Operator receives mixed-signal evidence packet #191 | Resolve case 191 under policy constraints and provide final action,FLAG_FOR_REVIEW,decision=FLAG_FOR_REVIEW; scenario=clinical_admin workflow case 191
EV_0192,2026-03-01T22:17:00Z,code_review,medium,Operator receives mixed-signal evidence packet #192 | Resolve case 192 under policy constraints and provide final action,FLAG_FOR_REVIEW,decision=FLAG_FOR_REVIEW; scenario=code_review workflow case 192
EV_0193,2026-03-01T22:24:00Z,code_review,low,Operator receives mixed-signal evidence packet #193 | Resolve case 193 under policy constraints and provide final action,PROCEED,decision=PROCEED; scenario=code_review workflow case 193
EV_0194,2026-03-01T22:31:00Z,legal_intake,high,Operator receives mixed-signal evidence packet #194 | Resolve case 194 under policy constraints and provide final action,FLAG_FOR_REVIEW,decision=FLAG_FOR_REVIEW; scenario=legal_intake workflow case 194
EV_0195,2026-03-01T22:38:00Z,billing_support,high,Operator receives mixed-signal evidence packet #195 | Resolve case 195 under policy constraints and provide final action,PROCEED,decision=PROCEED; scenario=billing_support workflow case 195
EV_0196,2026-03-01T22:45:00Z,fraud_screening,critical,Operator receives mixed-signal evidence packet #196 | Resolve case 196 under policy constraints and provide final action,PROCEED,decision=PROCEED; scenario=fraud_screening workflow case 196
EV_0197,2026-03-01T22:52:00Z,legal_intake,low,Operator receives mixed-signal evidence packet #197 | Resolve case 197 under policy constraints and provide final action,FLAG_FOR_REVIEW,decision=FLAG_FOR_REVIEW; scenario=legal_intake workflow case 197
EV_0198,2026-03-01T22:59:00Z,legal_intake,low,Operator receives mixed-signal evidence packet #198 | Resolve case 198 under policy constraints and provide final action,PROCEED,decision=PROCEED; scenario=legal_intake workflow case 198
EV_0199,2026-03-01T23:06:00Z,fraud_screening,medium,Operator receives mixed-signal evidence packet #199 | Resolve case 199 under policy constraints and provide final action,PROCEED,decision=PROCEED; scenario=fraud_screening workflow case 199
EV_0200,2026-03-01T23:13:00Z,incident_triage,high,Operator receives mixed-signal evidence packet #200 | Resolve case 200 under policy constraints and provide final action,PROCEED,decision=PROCEED; scenario=incident_triage workflow case 200
EV_0201,2026-03-01T23:20:00Z,incident_triage,medium,Operator receives mixed-signal evidence packet #201 | Resolve case 201 under policy constraints and provide final action,PROCEED,decision=PROCEED; scenario=incident_triage workflow case 201
EV_0202,2026-03-01T23:27:00Z,code_review,high,Operator receives mixed-signal evidence packet #202 | Resolve case 202 under policy constraints and provide final action,FLAG_FOR_REVIEW,decision=FLAG_FOR_REVIEW; scenario=code_review workflow case 202
EV_0203,2026-03-01T23:34:00Z,sales_ops,low,Operator receives mixed-signal evidence packet #203 | Resolve case 203 under policy constraints and provide final action,FLAG_FOR_REVIEW,decision=FLAG_FOR_REVIEW; scenario=sales_ops workflow case 203
EV_0204,2026-03-01T23:41:00Z,legal_intake,medium,Operator receives mixed-signal evidence packet #204 | Resolve case 204 under policy constraints and provide final action,PROCEED,decision=PROCEED; scenario=legal_intake workflow case 204
EV_0205,2026-03-01T23:48:00Z,legal_intake,medium,Operator receives mixed-signal evidence packet #205 | Resolve case 205 under policy constraints and provide final action,FLAG_FOR_REVIEW,decision=FLAG_FOR_REVIEW; scenario=legal_intake workflow case 205
EV_0206,2026-03-01T23:55:00Z,legal_intake,high,Operator receives mixed-signal evidence packet #206 | Resolve case 206 under policy constraints and provide final action,FLAG_FOR_REVIEW,decision=FLAG_FOR_REVIEW; scenario=legal_intake workflow case 206
EV_0207,2026-03-02T00:02:00Z,legal_intake,low,Operator receives mixed-signal evidence packet #207 | Resolve case 207 under policy constraints and provide final action,PROCEED,decision=PROCEED; scenario=legal_intake workflow case 207
EV_0208,2026-03-02T00:09:00Z,supply_chain,low,Operator receives mixed-signal evidence packet #208 | Resolve case 208 under policy constraints and provide final action,FLAG_FOR_REVIEW,decision=FLAG_FOR_REVIEW; scenario=supply_chain workflow case 208
EV_0209,2026-03-02T00:16:00Z,supply_chain,low,Operator receives mixed-signal evidence packet #209 | Resolve case 209 under policy constraints and provide final action,FLAG_FOR_REVIEW,decision=FLAG_FOR_REVIEW; scenario=supply_chain workflow case 209
EV_0210,2026-03-02T00:23:00Z,billing_support,low,Operator receives mixed-signal evidence packet #210 | Resolve case 210 under policy constraints and provide final action,PROCEED,decision=PROCEED; scenario=billing_support workflow case 210
EV_0211,2026-03-02T00:30:00Z,billing_support,medium,Operator receives mixed-signal evidence packet #211 | Resolve case 211 under policy constraints and provide final action,PROCEED,decision=PROCEED; scenario=billing_support workflow case 211
EV_0212,2026-03-02T00:37:00Z,billing_support,critical,Operator receives mixed-signal evidence packet #212 | Resolve case 212 under policy constraints and provide final action,FLAG_FOR_REVIEW,decision=FLAG_FOR_REVIEW; scenario=billing_support workflow case 212
EV_0213,2026-03-02T00:44:00Z,sales_ops,high,Operator receives mixed-signal evidence packet #213 | Resolve case 213 under policy constraints and provide final action,FLAG_FOR_REVIEW,decision=FLAG_FOR_REVIEW; scenario=sales_ops workflow case 213
EV_0214,2026-03-02T00:51:00Z,fraud_screening,medium,Operator receives mixed-signal evidence packet #214 | Resolve case 214 under policy constraints and provide final action,PROCEED,decision=PROCEED; scenario=fraud_screening workflow case 214
EV_0215,2026-03-02T00:58:00Z,clinical_admin,high,Operator receives mixed-signal evidence packet #215 | Resolve case 215 under policy constraints and provide final action,PROCEED,decision=PROCEED; scenario=clinical_admin workflow case 215
EV_0216,2026-03-02T01:05:00Z,fraud_screening,medium,Operator receives mixed-signal evidence packet #216 | Resolve case 216 under policy constraints and provide final action,PROCEED,decision=PROCEED; scenario=fraud_screening workflow case 216
EV_0217,2026-03-02T01:12:00Z,incident_triage,high,Operator receives mixed-signal evidence packet #217 | Resolve case 217 under policy constraints and provide final action,FLAG_FOR_REVIEW,decision=FLAG_FOR_REVIEW; scenario=incident_triage workflow case 217
EV_0218,2026-03-02T01:19:00Z,supply_chain,low,Operator receives mixed-signal evidence packet #218 | Resolve case 218 under policy constraints and provide final action,PROCEED,decision=PROCEED; scenario=supply_chain workflow case 218
EV_0219,2026-03-02T01:26:00Z,legal_intake,critical,Operator receives mixed-signal evidence packet #219 | Resolve case 219 under policy constraints and provide final action,PROCEED,decision=PROCEED; scenario=legal_intake workflow case 219
EV_0220,2026-03-02T01:33:00Z,incident_triage,medium,Operator receives mixed-signal evidence packet #220 | Resolve case 220 under policy constraints and provide final action,FLAG_FOR_REVIEW,decision=FLAG_FOR_REVIEW; scenario=incident_triage workflow case 220
EV_0221,2026-03-02T01:40:00Z,sales_ops,low,Operator receives mixed-signal evidence packet #221 | Resolve case 221 under policy constraints and provide final action,PROCEED,decision=PROCEED; scenario=sales_ops workflow case 221
EV_0222,2026-03-02T01:47:00Z,code_review,low,Operator receives mixed-signal evidence packet #222 | Resolve case 222 under policy constraints and provide final action,FLAG_FOR_REVIEW,decision=FLAG_FOR_REVIEW; scenario=code_review workflow case 222
EV_0223,2026-03-02T01:54:00Z,sales_ops,low,Operator receives mixed-signal evidence packet #223 | Resolve case 223 under policy constraints and provide final action,PROCEED,decision=PROCEED; scenario=sales_ops workflow case 223
EV_0224,2026-03-02T02:01:00Z,sales_ops,high,Operator receives mixed-signal evidence packet #224 | Resolve case 224 under policy constraints and provide final action,PROCEED,decision=PROCEED; scenario=sales_ops workflow case 224
EV_0225,2026-03-02T02:08:00Z,clinical_admin,medium,Operator receives mixed-signal evidence packet #225 | Resolve case 225 under policy constraints and provide final action,FLAG_FOR_REVIEW,decision=FLAG_FOR_REVIEW; scenario=clinical_admin workflow case 225
EV_0226,2026-03-02T02:15:00Z,sales_ops,low,Operator receives mixed-signal evidence packet #226 | Resolve case 226 under policy constraints and provide final action,PROCEED,decision=PROCEED; scenario=sales_ops workflow case 226
EV_0227,2026-03-02T02:22:00Z,billing_support,low,Operator receives mixed-signal evidence packet #227 | Resolve case 227 under policy constraints and provide final action,PROCEED,decision=PROCEED; scenario=billing_support workflow case 227
EV_0228,2026-03-02T02:29:00Z,billing_support,high,Operator receives mixed-signal evidence packet #228 | Resolve case 228 under policy constraints and provide final action,PROCEED,decision=PROCEED; scenario=billing_support workflow case 228
EV_0229,2026-03-02T02:36:00Z,sales_ops,high,Operator receives mixed-signal evidence packet #229 | Resolve case 229 under policy constraints and provide final action,FLAG_FOR_REVIEW,decision=FLAG_FOR_REVIEW; scenario=sales_ops workflow case 229
EV_0230,2026-03-02T02:43:00Z,legal_intake,high,Operator receives mixed-signal evidence packet #230 | Resolve case 230 under policy constraints and provide final action,PROCEED,decision=PROCEED; scenario=legal_intake workflow case 230
EV_0231,2026-03-02T02:50:00Z,supply_chain,medium,Operator receives mixed-signal evidence packet #231 | Resolve case 231 under policy constraints and provide final action,FLAG_FOR_REVIEW,decision=FLAG_FOR_REVIEW; scenario=supply_chain workflow case 231
EV_0232,2026-03-02T02:57:00Z,sales_ops,high,Operator receives mixed-signal evidence packet #232 | Resolve case 232 under policy constraints and provide final action,FLAG_FOR_REVIEW,decision=FLAG_FOR_REVIEW; scenario=sales_ops workflow case 232
EV_0233,2026-03-02T03:04:00Z,legal_intake,critical,Operator receives mixed-signal evidence packet #233 | Resolve case 233 under policy constraints and provide final action,FLAG_FOR_REVIEW,decision=FLAG_FOR_REVIEW; scenario=legal_intake workflow case 233
EV_0234,2026-03-02T03:11:00Z,incident_triage,low,Operator receives mixed-signal evidence packet #234 | Resolve case 234 under policy constraints and provide final action,PROCEED,decision=PROCEED; scenario=incident_triage workflow case 234
EV_0235,2026-03-02T03:18:00Z,supply_chain,critical,Operator receives mixed-signal evidence packet #235 | Resolve case 235 under policy constraints and provide final action,FLAG_FOR_REVIEW,decision=FLAG_FOR_REVIEW; scenario=supply_chain workflow case 235
EV_0236,2026-03-02T03:25:00Z,supply_chain,low,Operator receives mixed-signal evidence packet #236 | Resolve case 236 under policy constraints and provide final action,FLAG_FOR_REVIEW,decision=FLAG_FOR_REVIEW; scenario=supply_chain workflow case 236
EV_0237,2026-03-02T03:32:00Z,sales_ops,medium,Operator receives mixed-signal evidence packet #237 | Resolve case 237 under policy constraints and provide final action,PROCEED,decision=PROCEED; scenario=sales_ops workflow case 237
EV_0238,2026-03-02T03:39:00Z,legal_intake,low,Operator receives mixed-signal evidence packet #238 | Resolve case 238 under policy constraints and provide final action,PROCEED,decision=PROCEED; scenario=legal_intake workflow case 238
EV_0239,2026-03-02T03:46:00Z,supply_chain,low,Operator receives mixed-signal evidence packet #239 | Resolve case 239 under policy constraints and provide final action,FLAG_FOR_REVIEW,decision=FLAG_FOR_REVIEW; scenario=supply_chain workflow case 239
EV_0240,2026-03-02T03:53:00Z,code_review,low,Operator receives mixed-signal evidence packet #240 | Resolve case 240 under policy constraints and provide final action,FLAG_FOR_REVIEW,decision=FLAG_FOR_REVIEW; scenario=code_review workflow case 240
EV_0241,2026-03-02T04:00:00Z,incident_triage,critical,Operator receives mixed-signal evidence packet #241 | Resolve case 241 under policy constraints and provide final action,PROCEED,decision=PROCEED; scenario=incident_triage workflow case 241
EV_0242,2026-03-02T04:07:00Z,legal_intake,low,Operator receives mixed-signal evidence packet #242 | Resolve case 242 under policy constraints and provide final action,PROCEED,decision=PROCEED; scenario=legal_intake workflow case 242
EV_0243,2026-03-02T04:14:00Z,billing_support,medium,Operator receives mixed-signal evidence packet #243 | Resolve case 243 under policy constraints and provide final action,PROCEED,decision=PROCEED; scenario=billing_support workflow case 243
EV_0244,2026-03-02T04:21:00Z,incident_triage,medium,Operator receives mixed-signal evidence packet #244 | Resolve case 244 under policy constraints and provide final action,FLAG_FOR_REVIEW,decision=FLAG_FOR_REVIEW; scenario=incident_triage workflow case 244
EV_0245,2026-03-02T04:28:00Z,billing_support,critical,Operator receives mixed-signal evidence packet #245 | Resolve case 245 under policy constraints and provide final action,PROCEED,decision=PROCEED; scenario=billing_support workflow case 245
EV_0246,2026-03-02T04:35:00Z,billing_support,low,Operator receives mixed-signal evidence packet #246 | Resolve case 246 under policy constraints and provide final action,FLAG_FOR_REVIEW,decision=FLAG_FOR_REVIEW; scenario=billing_support workflow case 246
EV_0247,2026-03-02T04:42:00Z,billing_support,low,Operator receives mixed-signal evidence packet #247 | Resolve case 247 under policy constraints and provide final action,PROCEED,decision=PROCEED; scenario=billing_support workflow case 247
EV_0248,2026-03-02T04:49:00Z,billing_support,medium,Operator receives mixed-signal evidence packet #248 | Resolve case 248 under policy constraints and provide final action,PROCEED,decision=PROCEED; scenario=billing_support workflow case 248
EV_0249,2026-03-02T04:56:00Z,clinical_admin,critical,Operator receives mixed-signal evidence packet #249 | Resolve case 249 under policy constraints and provide final action,FLAG_FOR_REVIEW,decision=FLAG_FOR_REVIEW; scenario=clinical_admin workflow case 249
EV_0250,2026-03-02T05:03:00Z,billing_support,low,Operator receives mixed-signal evidence packet #250 | Resolve case 250 under policy constraints and provide final action,FLAG_FOR_REVIEW,decision=FLAG_FOR_REVIEW; scenario=billing_support workflow case 250
EV_0251,2026-03-02T05:10:00Z,billing_support,high,Operator receives mixed-signal evidence packet #251 | Resolve case 251 under policy constraints and provide final action,PROCEED,decision=PROCEED; scenario=billing_support workflow case 251
EV_0252,2026-03-02T05:17:00Z,incident_triage,medium,Operator receives mixed-signal evidence packet #252 | Resolve case 252 under policy constraints and provide final action,PROCEED,decision=PROCEED; scenario=incident_triage workflow case 252
EV_0253,2026-03-02T05:24:00Z,code_review,medium,Operator receives mixed-signal evidence packet #253 | Resolve case 253 under policy constraints and provide final action,PROCEED,decision=PROCEED; scenario=code_review workflow case 253
EV_0254,2026-03-02T05:31:00Z,clinical_admin,high,Operator receives mixed-signal evidence packet #254 | Resolve case 254 under policy constraints and provide final action,FLAG_FOR_REVIEW,decision=FLAG_FOR_REVIEW; scenario=clinical_admin workflow case 254
EV_0255,2026-03-02T05:38:00Z,supply_chain,low,Operator receives mixed-signal evidence packet #255 | Resolve case 255 under policy constraints and provide final action,FLAG_FOR_REVIEW,decision=FLAG_FOR_REVIEW; scenario=supply_chain workflow case 255
EV_0256,2026-03-02T05:45:00Z,fraud_screening,medium,Operator receives mixed-signal evidence packet #256 | Resolve case 256 under policy constraints and provide final action,FLAG_FOR_REVIEW,decision=FLAG_FOR_REVIEW; scenario=fraud_screening workflow case 256
EV_0257,2026-03-02T05:52:00Z,clinical_admin,low,Operator receives mixed-signal evidence packet #257 | Resolve case 257 under policy constraints and provide final action,PROCEED,decision=PROCEED; scenario=clinical_admin workflow case 257
EV_0258,2026-03-02T05:59:00Z,clinical_admin,low,Operator receives mixed-signal evidence packet #258 | Resolve case 258 under policy constraints and provide final action,FLAG_FOR_REVIEW,decision=FLAG_FOR_REVIEW; scenario=clinical_admin workflow case 258
EV_0259,2026-03-02T06:06:00Z,code_review,medium,Operator receives mixed-signal evidence packet #259 | Resolve case 259 under policy constraints and provide final action,PROCEED,decision=PROCEED; scenario=code_review workflow case 259
EV_0260,2026-03-02T06:13:00Z,sales_ops,medium,Operator receives mixed-signal evidence packet #260 | Resolve case 260 under policy constraints and provide final action,FLAG_FOR_REVIEW,decision=FLAG_FOR_REVIEW; scenario=sales_ops workflow case 260
EV_0261,2026-03-02T06:20:00Z,incident_triage,medium,Operator receives mixed-signal evidence packet #261 | Resolve case 261 under policy constraints and provide final action,PROCEED,decision=PROCEED; scenario=incident_triage workflow case 261
EV_0262,2026-03-02T06:27:00Z,code_review,high,Operator receives mixed-signal evidence packet #262 | Resolve case 262 under policy constraints and provide final action,PROCEED,decision=PROCEED; scenario=code_review workflow case 262
EV_0263,2026-03-02T06:34:00Z,fraud_screening,high,Operator receives mixed-signal evidence packet #263 | Resolve case 263 under policy constraints and provide final action,FLAG_FOR_REVIEW,decision=FLAG_FOR_REVIEW; scenario=fraud_screening workflow case 263
EV_0264,2026-03-02T06:41:00Z,code_review,medium,Operator receives mixed-signal evidence packet #264 | Resolve case 264 under policy constraints and provide final action,PROCEED,decision=PROCEED; scenario=code_review workflow case 264
EV_0265,2026-03-02T06:48:00Z,code_review,critical,Operator receives mixed-signal evidence packet #265 | Resolve case 265 under policy constraints and provide final action,PROCEED,decision=PROCEED; scenario=code_review workflow case 265
EV_0266,2026-03-02T06:55:00Z,code_review,medium,Operator receives mixed-signal evidence packet #266 | Resolve case 266 under policy constraints and provide final action,FLAG_FOR_REVIEW,decision=FLAG_FOR_REVIEW; scenario=code_review workflow case 266
EV_0267,2026-03-02T07:02:00Z,clinical_admin,critical,Operator receives mixed-signal evidence packet #267 | Resolve case 267 under policy constraints and provide final action,PROCEED,decision=PROCEED; scenario=clinical_admin workflow case 267
EV_0268,2026-03-02T07:09:00Z,supply_chain,medium,Operator receives mixed-signal evidence packet #268 | Resolve case 268 under policy constraints and provide final action,FLAG_FOR_REVIEW,decision=FLAG_FOR_REVIEW; scenario=supply_chain workflow case 268
EV_0269,2026-03-02T07:16:00Z,legal_intake,medium,Operator receives mixed-signal evidence packet #269 | Resolve case 269 under policy constraints and provide final action,PROCEED,decision=PROCEED; scenario=legal_intake workflow case 269
EV_0270,2026-03-02T07:23:00Z,supply_chain,low,Operator receives mixed-signal evidence packet #270 | Resolve case 270 under policy constraints and provide final action,PROCEED,decision=PROCEED; scenario=supply_chain workflow case 270
EV_0271,2026-03-02T07:30:00Z,fraud_screening,low,Operator receives mixed-signal evidence packet #271 | Resolve case 271 under policy constraints and provide final action,PROCEED,decision=PROCEED; scenario=fraud_screening workflow case 271
EV_0272,2026-03-02T07:37:00Z,billing_support,medium,Operator receives mixed-signal evidence packet #272 | Resolve case 272 under policy constraints and provide final action,PROCEED,decision=PROCEED; scenario=billing_support workflow case 272
EV_0273,2026-03-02T07:44:00Z,clinical_admin,critical,Operator receives mixed-signal evidence packet #273 | Resolve case 273 under policy constraints and provide final action,FLAG_FOR_REVIEW,decision=FLAG_FOR_REVIEW; scenario=clinical_admin workflow case 273
EV_0274,2026-03-02T07:51:00Z,legal_intake,low,Operator receives mixed-signal evidence packet #274 | Resolve case 274 under policy constraints and provide final action,FLAG_FOR_REVIEW,decision=FLAG_FOR_REVIEW; scenario=legal_intake workflow case 274
EV_0275,2026-03-02T07:58:00Z,legal_intake,medium,Operator receives mixed-signal evidence packet #275 | Resolve case 275 under policy constraints and provide final action,PROCEED,decision=PROCEED; scenario=legal_intake workflow case 275
EV_0276,2026-03-02T08:05:00Z,legal_intake,high,Operator receives mixed-signal evidence packet #276 | Resolve case 276 under policy constraints and provide final action,PROCEED,decision=PROCEED; scenario=legal_intake workflow case 276
EV_0277,2026-03-02T08:12:00Z,billing_support,high,Operator receives mixed-signal evidence packet #277 | Resolve case 277 under policy constraints and provide final action,FLAG_FOR_REVIEW,decision=FLAG_FOR_REVIEW; scenario=billing_support workflow case 277
EV_0278,2026-03-02T08:19:00Z,supply_chain,medium,Operator receives mixed-signal evidence packet #278 | Resolve case 278 under policy constraints and provide final action,PROCEED,decision=PROCEED; scenario=supply_chain workflow case 278
EV_0279,2026-03-02T08:26:00Z,sales_ops,low,Operator receives mixed-signal evidence packet #279 | Resolve case 279 under policy constraints and provide final action,PROCEED,decision=PROCEED; scenario=sales_ops workflow case 279
EV_0280,2026-03-02T08:33:00Z,legal_intake,medium,Operator receives mixed-signal evidence packet #280 | Resolve case 280 under policy constraints and provide final action,FLAG_FOR_REVIEW,decision=FLAG_FOR_REVIEW; scenario=legal_intake workflow case 280
EV_0281,2026-03-02T08:40:00Z,fraud_screening,low,Operator receives mixed-signal evidence packet #281 | Resolve case 281 under policy constraints and provide final action,FLAG_FOR_REVIEW,decision=FLAG_FOR_REVIEW; scenario=fraud_screening workflow case 281
EV_0282,2026-03-02T08:47:00Z,fraud_screening,low,Operator receives mixed-signal evidence packet #282 | Resolve case 282 under policy constraints and provide final action,FLAG_FOR_REVIEW,decision=FLAG_FOR_REVIEW; scenario=fraud_screening workflow case 282
EV_0283,2026-03-02T08:54:00Z,billing_support,medium,Operator receives mixed-signal evidence packet #283 | Resolve case 283 under policy constraints and provide final action,PROCEED,decision=PROCEED; scenario=billing_support workflow case 283
EV_0284,2026-03-02T09:01:00Z,legal_intake,medium,Operator receives mixed-signal evidence packet #284 | Resolve case 284 under policy constraints and provide final action,FLAG_FOR_REVIEW,decision=FLAG_FOR_REVIEW; scenario=legal_intake workflow case 284
EV_0285,2026-03-02T09:08:00Z,code_review,low,Operator receives mixed-signal evidence packet #285 | Resolve case 285 under policy constraints and provide final action,PROCEED,decision=PROCEED; scenario=code_review workflow case 285
EV_0286,2026-03-02T09:15:00Z,clinical_admin,low,Operator receives mixed-signal evidence packet #286 | Resolve case 286 under policy constraints and provide final action,FLAG_FOR_REVIEW,decision=FLAG_FOR_REVIEW; scenario=clinical_admin workflow case 286
EV_0287,2026-03-02T09:22:00Z,supply_chain,medium,Operator receives mixed-signal evidence packet #287 | Resolve case 287 under policy constraints and provide final action,PROCEED,decision=PROCEED; scenario=supply_chain workflow case 287
EV_0288,2026-03-02T09:29:00Z,code_review,high,Operator receives mixed-signal evidence packet #288 | Resolve case 288 under policy constraints and provide final action,FLAG_FOR_REVIEW,decision=FLAG_FOR_REVIEW; scenario=code_review workflow case 288
EV_0289,2026-03-02T09:36:00Z,clinical_admin,low,Operator receives mixed-signal evidence packet #289 | Resolve case 289 under policy constraints and provide final action,PROCEED,decision=PROCEED; scenario=clinical_admin workflow case 289
EV_0290,2026-03-02T09:43:00Z,billing_support,medium,Operator receives mixed-signal evidence packet #290 | Resolve case 290 under policy constraints and provide final action,PROCEED,decision=PROCEED; scenario=billing_support workflow case 290
EV_0291,2026-03-02T09:50:00Z,clinical_admin,low,Operator receives mixed-signal evidence packet #291 | Resolve case 291 under policy constraints and provide final action,FLAG_FOR_REVIEW,decision=FLAG_FOR_REVIEW; scenario=clinical_admin workflow case 291
EV_0292,2026-03-02T09:57:00Z,clinical_admin,low,Operator receives mixed-signal evidence packet #292 | Resolve case 292 under policy constraints and provide final action,PROCEED,decision=PROCEED; scenario=clinical_admin workflow case 292
EV_0293,2026-03-02T10:04:00Z,code_review,high,Operator receives mixed-signal evidence packet #293 | Resolve case 293 under policy constraints and provide final action,FLAG_FOR_REVIEW,decision=FLAG_FOR_REVIEW; scenario=code_review workflow case 293
EV_0294,2026-03-02T10:11:00Z,incident_triage,low,Operator receives mixed-signal evidence packet #294 | Resolve case 294 under policy constraints and provide final action,FLAG_FOR_REVIEW,decision=FLAG_FOR_REVIEW; scenario=incident_triage workflow case 294
EV_0295,2026-03-02T10:18:00Z,clinical_admin,high,Operator receives mixed-signal evidence packet #295 | Resolve case 295 under policy constraints and provide final action,PROCEED,decision=PROCEED; scenario=clinical_admin workflow case 295
EV_0296,2026-03-02T10:25:00Z,legal_intake,medium,Operator receives mixed-signal evidence packet #296 | Resolve case 296 under policy constraints and provide final action,PROCEED,decision=PROCEED; scenario=legal_intake workflow case 296
EV_0297,2026-03-02T10:32:00Z,incident_triage,low,Operator receives mixed-signal evidence packet #297 | Resolve case 297 under policy constraints and provide final action,PROCEED,decision=PROCEED; scenario=incident_triage workflow case 297
EV_0298,2026-03-02T10:39:00Z,fraud_screening,low,Operator receives mixed-signal evidence packet #298 | Resolve case 298 under policy constraints and provide final action,PROCEED,decision=PROCEED; scenario=fraud_screening workflow case 298
EV_0299,2026-03-02T10:46:00Z,supply_chain,medium,Operator receives mixed-signal evidence packet #299 | Resolve case 299 under policy constraints and provide final action,FLAG_FOR_REVIEW,decision=FLAG_FOR_REVIEW; scenario=supply_chain workflow case 299
EV_0300,2026-03-02T10:53:00Z,billing_support,critical,Operator receives mixed-signal evidence packet #300 | Resolve case 300 under policy constraints and provide final action,PROCEED,decision=PROCEED; scenario=billing_support workflow case 300
EV_0301,2026-03-02T11:00:00Z,fraud_screening,medium,Operator receives mixed-signal evidence packet #301 | Resolve case 301 under policy constraints and provide final action,FLAG_FOR_REVIEW,decision=FLAG_FOR_REVIEW; scenario=fraud_screening workflow case 301
EV_0302,2026-03-02T11:07:00Z,incident_triage,low,Operator receives mixed-signal evidence packet #302 | Resolve case 302 under policy constraints and provide final action,PROCEED,decision=PROCEED; scenario=incident_triage workflow case 302
EV_0303,2026-03-02T11:14:00Z,clinical_admin,high,Operator receives mixed-signal evidence packet #303 | Resolve case 303 under policy constraints and provide final action,PROCEED,decision=PROCEED; scenario=clinical_admin workflow case 303
EV_0304,2026-03-02T11:21:00Z,fraud_screening,medium,Operator receives mixed-signal evidence packet #304 | Resolve case 304 under policy constraints and provide final action,PROCEED,decision=PROCEED; scenario=fraud_screening workflow case 304
EV_0305,2026-03-02T11:28:00Z,billing_support,low,Operator receives mixed-signal evidence packet #305 | Resolve case 305 under policy constraints and provide final action,PROCEED,decision=PROCEED; scenario=billing_support workflow case 305
EV_0306,2026-03-02T11:35:00Z,clinical_admin,medium,Operator receives mixed-signal evidence packet #306 | Resolve case 306 under policy constraints and provide final action,PROCEED,decision=PROCEED; scenario=clinical_admin workflow case 306
EV_0307,2026-03-02T11:42:00Z,code_review,high,Operator receives mixed-signal evidence packet #307 | Resolve case 307 under policy constraints and provide final action,PROCEED,decision=PROCEED; scenario=code_review workflow case 307
EV_0308,2026-03-02T11:49:00Z,fraud_screening,low,Operator receives mixed-signal evidence packet #308 | Resolve case 308 under policy constraints and provide final action,FLAG_FOR_REVIEW,decision=FLAG_FOR_REVIEW; scenario=fraud_screening workflow case 308
EV_0309,2026-03-02T11:56:00Z,clinical_admin,medium,Operator receives mixed-signal evidence packet #309 | Resolve case 309 under policy constraints and provide final action,FLAG_FOR_REVIEW,decision=FLAG_FOR_REVIEW; scenario=clinical_admin workflow case 309
EV_0310,2026-03-02T12:03:00Z,supply_chain,high,Operator receives mixed-signal evidence packet #310 | Resolve case 310 under policy constraints and provide final action,PROCEED,decision=PROCEED; scenario=supply_chain workflow case 310
EV_0311,2026-03-02T12:10:00Z,clinical_admin,low,Operator receives mixed-signal evidence packet #311 | Resolve case 311 under policy constraints and provide final action,PROCEED,decision=PROCEED; scenario=clinical_admin workflow case 311
EV_0312,2026-03-02T12:17:00Z,billing_support,high,Operator receives mixed-signal evidence packet #312 | Resolve case 312 under policy constraints and provide final action,PROCEED,decision=PROCEED; scenario=billing_support workflow case 312
EV_0313,2026-03-02T12:24:00Z,code_review,low,Operator receives mixed-signal evidence packet #313 | Resolve case 313 under policy constraints and provide final action,PROCEED,decision=PROCEED; scenario=code_review workflow case 313
EV_0314,2026-03-02T12:31:00Z,sales_ops,medium,Operator receives mixed-signal evidence packet #314 | Resolve case 314 under policy constraints and provide final action,FLAG_FOR_REVIEW,decision=FLAG_FOR_REVIEW; scenario=sales_ops workflow case 314
EV_0315,2026-03-02T12:38:00Z,fraud_screening,low,Operator receives mixed-signal evidence packet #315 | Resolve case 315 under policy constraints and provide final action,PROCEED,decision=PROCEED; scenario=fraud_screening workflow case 315
EV_0316,2026-03-02T12:45:00Z,clinical_admin,high,Operator receives mixed-signal evidence packet #316 | Resolve case 316 under policy constraints and provide final action,FLAG_FOR_REVIEW,decision=FLAG_FOR_REVIEW; scenario=clinical_admin workflow case 316
EV_0317,2026-03-02T12:52:00Z,code_review,high,Operator receives mixed-signal evidence packet #317 | Resolve case 317 under policy constraints and provide final action,FLAG_FOR_REVIEW,decision=FLAG_FOR_REVIEW; scenario=code_review workflow case 317
EV_0318,2026-03-02T12:59:00Z,supply_chain,medium,Operator receives mixed-signal evidence packet #318 | Resolve case 318 under policy constraints and provide final action,PROCEED,decision=PROCEED; scenario=supply_chain workflow case 318
EV_0319,2026-03-02T13:06:00Z,fraud_screening,high,Operator receives mixed-signal evidence packet #319 | Resolve case 319 under policy constraints and provide final action,FLAG_FOR_REVIEW,decision=FLAG_FOR_REVIEW; scenario=fraud_screening workflow case 319
EV_0320,2026-03-02T13:13:00Z,billing_support,low,Operator receives mixed-signal evidence packet #320 | Resolve case 320 under policy constraints and provide final action,PROCEED,decision=PROCEED; scenario=billing_support workflow case 320
