task_id,workflow,domain,risk_tier,scenario,input_context,user_request,artifact_ref,blinded_eval
EV_0001,clinical_admin,spatial,low,clinical_admin workflow case 1,Operator receives mixed-signal evidence packet #1,Resolve case 1 under policy constraints and provide final action,ART-00001,true
EV_0002,supply_chain,procedural,medium,supply_chain workflow case 2,Operator receives mixed-signal evidence packet #2,Resolve case 2 under policy constraints and provide final action,ART-00002,true
EV_0003,incident_triage,arithmetic,high,incident_triage workflow case 3,Operator receives mixed-signal evidence packet #3,Resolve case 3 under policy constraints and provide final action,ART-00003,true
EV_0004,supply_chain,temporal,medium,supply_chain workflow case 4,Operator receives mixed-signal evidence packet #4,Resolve case 4 under policy constraints and provide final action,ART-00004,true
EV_0005,sales_ops,linguistic,medium,sales_ops workflow case 5,Operator receives mixed-signal evidence packet #5,Resolve case 5 under policy constraints and provide final action,ART-00005,true
EV_0006,billing_support,linguistic,low,billing_support workflow case 6,Operator receives mixed-signal evidence packet #6,Resolve case 6 under policy constraints and provide final action,ART-00006,true
EV_0007,sales_ops,arithmetic,medium,sales_ops workflow case 7,Operator receives mixed-signal evidence packet #7,Resolve case 7 under policy constraints and provide final action,ART-00007,true
EV_0008,legal_intake,factual,low,legal_intake workflow case 8,Operator receives mixed-signal evidence packet #8,Resolve case 8 under policy constraints and provide final action,ART-00008,true
EV_0009,legal_intake,arithmetic,low,legal_intake workflow case 9,Operator receives mixed-signal evidence packet #9,Resolve case 9 under policy constraints and provide final action,ART-00009,true
EV_0010,incident_triage,spatial,high,incident_triage workflow case 10,Operator receives mixed-signal evidence packet #10,Resolve case 10 under policy constraints and provide final action,ART-00010,true
EV_0011,supply_chain,spatial,critical,supply_chain workflow case 11,Operator receives mixed-signal evidence packet #11,Resolve case 11 under policy constraints and provide final action,ART-00011,true
EV_0012,code_review,social,medium,code_review workflow case 12,Operator receives mixed-signal evidence packet #12,Resolve case 12 under policy constraints and provide final action,ART-00012,true
EV_0013,code_review,temporal,critical,code_review workflow case 13,Operator receives mixed-signal evidence packet #13,Resolve case 13 under policy constraints and provide final action,ART-00013,true
EV_0014,sales_ops,logical,critical,sales_ops workflow case 14,Operator receives mixed-signal evidence packet #14,Resolve case 14 under policy constraints and provide final action,ART-00014,true
EV_0015,sales_ops,temporal,low,sales_ops workflow case 15,Operator receives mixed-signal evidence packet #15,Resolve case 15 under policy constraints and provide final action,ART-00015,true
EV_0016,clinical_admin,logical,high,clinical_admin workflow case 16,Operator receives mixed-signal evidence packet #16,Resolve case 16 under policy constraints and provide final action,ART-00016,true
EV_0017,code_review,linguistic,high,code_review workflow case 17,Operator receives mixed-signal evidence packet #17,Resolve case 17 under policy constraints and provide final action,ART-00017,true
EV_0018,billing_support,arithmetic,low,billing_support workflow case 18,Operator receives mixed-signal evidence packet #18,Resolve case 18 under policy constraints and provide final action,ART-00018,true
EV_0019,code_review,procedural,high,code_review workflow case 19,Operator receives mixed-signal evidence packet #19,Resolve case 19 under policy constraints and provide final action,ART-00019,true
EV_0020,fraud_screening,factual,high,fraud_screening workflow case 20,Operator receives mixed-signal evidence packet #20,Resolve case 20 under policy constraints and provide final action,ART-00020,true
EV_0021,incident_triage,factual,medium,incident_triage workflow case 21,Operator receives mixed-signal evidence packet #21,Resolve case 21 under policy constraints and provide final action,ART-00021,true
EV_0022,fraud_screening,factual,low,fraud_screening workflow case 22,Operator receives mixed-signal evidence packet #22,Resolve case 22 under policy constraints and provide final action,ART-00022,true
EV_0023,billing_support,logical,high,billing_support workflow case 23,Operator receives mixed-signal evidence packet #23,Resolve case 23 under policy constraints and provide final action,ART-00023,true
EV_0024,billing_support,factual,critical,billing_support workflow case 24,Operator receives mixed-signal evidence packet #24,Resolve case 24 under policy constraints and provide final action,ART-00024,true
EV_0025,supply_chain,factual,medium,supply_chain workflow case 25,Operator receives mixed-signal evidence packet #25,Resolve case 25 under policy constraints and provide final action,ART-00025,true
EV_0026,clinical_admin,factual,low,clinical_admin workflow case 26,Operator receives mixed-signal evidence packet #26,Resolve case 26 under policy constraints and provide final action,ART-00026,true
EV_0027,supply_chain,spatial,high,supply_chain workflow case 27,Operator receives mixed-signal evidence packet #27,Resolve case 27 under policy constraints and provide final action,ART-00027,true
EV_0028,billing_support,arithmetic,low,billing_support workflow case 28,Operator receives mixed-signal evidence packet #28,Resolve case 28 under policy constraints and provide final action,ART-00028,true
EV_0029,code_review,temporal,medium,code_review workflow case 29,Operator receives mixed-signal evidence packet #29,Resolve case 29 under policy constraints and provide final action,ART-00029,true
EV_0030,code_review,factual,low,code_review workflow case 30,Operator receives mixed-signal evidence packet #30,Resolve case 30 under policy constraints and provide final action,ART-00030,true
EV_0031,sales_ops,linguistic,high,sales_ops workflow case 31,Operator receives mixed-signal evidence packet #31,Resolve case 31 under policy constraints and provide final action,ART-00031,true
EV_0032,billing_support,spatial,medium,billing_support workflow case 32,Operator receives mixed-signal evidence packet #32,Resolve case 32 under policy constraints and provide final action,ART-00032,true
EV_0033,supply_chain,spatial,medium,supply_chain workflow case 33,Operator receives mixed-signal evidence packet #33,Resolve case 33 under policy constraints and provide final action,ART-00033,true
EV_0034,fraud_screening,logical,medium,fraud_screening workflow case 34,Operator receives mixed-signal evidence packet #34,Resolve case 34 under policy constraints and provide final action,ART-00034,true
EV_0035,code_review,linguistic,high,code_review workflow case 35,Operator receives mixed-signal evidence packet #35,Resolve case 35 under policy constraints and provide final action,ART-00035,true
EV_0036,supply_chain,procedural,high,supply_chain workflow case 36,Operator receives mixed-signal evidence packet #36,Resolve case 36 under policy constraints and provide final action,ART-00036,true
EV_0037,incident_triage,procedural,high,incident_triage workflow case 37,Operator receives mixed-signal evidence packet #37,Resolve case 37 under policy constraints and provide final action,ART-00037,true
EV_0038,incident_triage,procedural,medium,incident_triage workflow case 38,Operator receives mixed-signal evidence packet #38,Resolve case 38 under policy constraints and provide final action,ART-00038,true
EV_0039,supply_chain,temporal,low,supply_chain workflow case 39,Operator receives mixed-signal evidence packet #39,Resolve case 39 under policy constraints and provide final action,ART-00039,true
EV_0040,clinical_admin,logical,medium,clinical_admin workflow case 40,Operator receives mixed-signal evidence packet #40,Resolve case 40 under policy constraints and provide final action,ART-00040,true
EV_0041,clinical_admin,spatial,high,clinical_admin workflow case 41,Operator receives mixed-signal evidence packet #41,Resolve case 41 under policy constraints and provide final action,ART-00041,true
EV_0042,sales_ops,linguistic,medium,sales_ops workflow case 42,Operator receives mixed-signal evidence packet #42,Resolve case 42 under policy constraints and provide final action,ART-00042,true
EV_0043,fraud_screening,linguistic,low,fraud_screening workflow case 43,Operator receives mixed-signal evidence packet #43,Resolve case 43 under policy constraints and provide final action,ART-00043,true
EV_0044,code_review,temporal,low,code_review workflow case 44,Operator receives mixed-signal evidence packet #44,Resolve case 44 under policy constraints and provide final action,ART-00044,true
EV_0045,supply_chain,procedural,low,supply_chain workflow case 45,Operator receives mixed-signal evidence packet #45,Resolve case 45 under policy constraints and provide final action,ART-00045,true
EV_0046,code_review,temporal,high,code_review workflow case 46,Operator receives mixed-signal evidence packet #46,Resolve case 46 under policy constraints and provide final action,ART-00046,true
EV_0047,legal_intake,linguistic,high,legal_intake workflow case 47,Operator receives mixed-signal evidence packet #47,Resolve case 47 under policy constraints and provide final action,ART-00047,true
EV_0048,clinical_admin,temporal,medium,clinical_admin workflow case 48,Operator receives mixed-signal evidence packet #48,Resolve case 48 under policy constraints and provide final action,ART-00048,true
EV_0049,clinical_admin,factual,low,clinical_admin workflow case 49,Operator receives mixed-signal evidence packet #49,Resolve case 49 under policy constraints and provide final action,ART-00049,true
EV_0050,legal_intake,linguistic,high,legal_intake workflow case 50,Operator receives mixed-signal evidence packet #50,Resolve case 50 under policy constraints and provide final action,ART-00050,true
EV_0051,billing_support,social,medium,billing_support workflow case 51,Operator receives mixed-signal evidence packet #51,Resolve case 51 under policy constraints and provide final action,ART-00051,true
EV_0052,incident_triage,factual,low,incident_triage workflow case 52,Operator receives mixed-signal evidence packet #52,Resolve case 52 under policy constraints and provide final action,ART-00052,true
EV_0053,supply_chain,social,high,supply_chain workflow case 53,Operator receives mixed-signal evidence packet #53,Resolve case 53 under policy constraints and provide final action,ART-00053,true
EV_0054,sales_ops,factual,critical,sales_ops workflow case 54,Operator receives mixed-signal evidence packet #54,Resolve case 54 under policy constraints and provide final action,ART-00054,true
EV_0055,billing_support,spatial,low,billing_support workflow case 55,Operator receives mixed-signal evidence packet #55,Resolve case 55 under policy constraints and provide final action,ART-00055,true
EV_0056,supply_chain,procedural,low,supply_chain workflow case 56,Operator receives mixed-signal evidence packet #56,Resolve case 56 under policy constraints and provide final action,ART-00056,true
EV_0057,supply_chain,linguistic,low,supply_chain workflow case 57,Operator receives mixed-signal evidence packet #57,Resolve case 57 under policy constraints and provide final action,ART-00057,true
EV_0058,legal_intake,linguistic,medium,legal_intake workflow case 58,Operator receives mixed-signal evidence packet #58,Resolve case 58 under policy constraints and provide final action,ART-00058,true
EV_0059,sales_ops,temporal,high,sales_ops workflow case 59,Operator receives mixed-signal evidence packet #59,Resolve case 59 under policy constraints and provide final action,ART-00059,true
EV_0060,billing_support,linguistic,critical,billing_support workflow case 60,Operator receives mixed-signal evidence packet #60,Resolve case 60 under policy constraints and provide final action,ART-00060,true
EV_0061,clinical_admin,linguistic,high,clinical_admin workflow case 61,Operator receives mixed-signal evidence packet #61,Resolve case 61 under policy constraints and provide final action,ART-00061,true
EV_0062,fraud_screening,arithmetic,high,fraud_screening workflow case 62,Operator receives mixed-signal evidence packet #62,Resolve case 62 under policy constraints and provide final action,ART-00062,true
EV_0063,sales_ops,linguistic,critical,sales_ops workflow case 63,Operator receives mixed-signal evidence packet #63,Resolve case 63 under policy constraints and provide final action,ART-00063,true
EV_0064,clinical_admin,factual,high,clinical_admin workflow case 64,Operator receives mixed-signal evidence packet #64,Resolve case 64 under policy constraints and provide final action,ART-00064,true
EV_0065,fraud_screening,linguistic,low,fraud_screening workflow case 65,Operator receives mixed-signal evidence packet #65,Resolve case 65 under policy constraints and provide final action,ART-00065,true
EV_0066,supply_chain,arithmetic,medium,supply_chain workflow case 66,Operator receives mixed-signal evidence packet #66,Resolve case 66 under policy constraints and provide final action,ART-00066,true
EV_0067,sales_ops,factual,high,sales_ops workflow case 67,Operator receives mixed-signal evidence packet #67,Resolve case 67 under policy constraints and provide final action,ART-00067,true
EV_0068,sales_ops,social,medium,sales_ops workflow case 68,Operator receives mixed-signal evidence packet #68,Resolve case 68 under policy constraints and provide final action,ART-00068,true
EV_0069,billing_support,spatial,medium,billing_support workflow case 69,Operator receives mixed-signal evidence packet #69,Resolve case 69 under policy constraints and provide final action,ART-00069,true
EV_0070,billing_support,arithmetic,high,billing_support workflow case 70,Operator receives mixed-signal evidence packet #70,Resolve case 70 under policy constraints and provide final action,ART-00070,true
EV_0071,billing_support,social,medium,billing_support workflow case 71,Operator receives mixed-signal evidence packet #71,Resolve case 71 under policy constraints and provide final action,ART-00071,true
EV_0072,clinical_admin,social,high,clinical_admin workflow case 72,Operator receives mixed-signal evidence packet #72,Resolve case 72 under policy constraints and provide final action,ART-00072,true
EV_0073,legal_intake,social,low,legal_intake workflow case 73,Operator receives mixed-signal evidence packet #73,Resolve case 73 under policy constraints and provide final action,ART-00073,true
EV_0074,legal_intake,spatial,low,legal_intake workflow case 74,Operator receives mixed-signal evidence packet #74,Resolve case 74 under policy constraints and provide final action,ART-00074,true
EV_0075,legal_intake,arithmetic,medium,legal_intake workflow case 75,Operator receives mixed-signal evidence packet #75,Resolve case 75 under policy constraints and provide final action,ART-00075,true
EV_0076,fraud_screening,arithmetic,medium,fraud_screening workflow case 76,Operator receives mixed-signal evidence packet #76,Resolve case 76 under policy constraints and provide final action,ART-00076,true
EV_0077,code_review,procedural,medium,code_review workflow case 77,Operator receives mixed-signal evidence packet #77,Resolve case 77 under policy constraints and provide final action,ART-00077,true
EV_0078,clinical_admin,logical,medium,clinical_admin workflow case 78,Operator receives mixed-signal evidence packet #78,Resolve case 78 under policy constraints and provide final action,ART-00078,true
EV_0079,supply_chain,spatial,high,supply_chain workflow case 79,Operator receives mixed-signal evidence packet #79,Resolve case 79 under policy constraints and provide final action,ART-00079,true
EV_0080,legal_intake,procedural,low,legal_intake workflow case 80,Operator receives mixed-signal evidence packet #80,Resolve case 80 under policy constraints and provide final action,ART-00080,true
EV_0081,code_review,social,medium,code_review workflow case 81,Operator receives mixed-signal evidence packet #81,Resolve case 81 under policy constraints and provide final action,ART-00081,true
EV_0082,supply_chain,procedural,medium,supply_chain workflow case 82,Operator receives mixed-signal evidence packet #82,Resolve case 82 under policy constraints and provide final action,ART-00082,true
EV_0083,supply_chain,spatial,high,supply_chain workflow case 83,Operator receives mixed-signal evidence packet #83,Resolve case 83 under policy constraints and provide final action,ART-00083,true
EV_0084,billing_support,temporal,low,billing_support workflow case 84,Operator receives mixed-signal evidence packet #84,Resolve case 84 under policy constraints and provide final action,ART-00084,true
EV_0085,code_review,spatial,low,code_review workflow case 85,Operator receives mixed-signal evidence packet #85,Resolve case 85 under policy constraints and provide final action,ART-00085,true
EV_0086,code_review,temporal,medium,code_review workflow case 86,Operator receives mixed-signal evidence packet #86,Resolve case 86 under policy constraints and provide final action,ART-00086,true
EV_0087,supply_chain,linguistic,medium,supply_chain workflow case 87,Operator receives mixed-signal evidence packet #87,Resolve case 87 under policy constraints and provide final action,ART-00087,true
EV_0088,billing_support,logical,medium,billing_support workflow case 88,Operator receives mixed-signal evidence packet #88,Resolve case 88 under policy constraints and provide final action,ART-00088,true
EV_0089,billing_support,social,high,billing_support workflow case 89,Operator receives mixed-signal evidence packet #89,Resolve case 89 under policy constraints and provide final action,ART-00089,true
EV_0090,billing_support,spatial,medium,billing_support workflow case 90,Operator receives mixed-signal evidence packet #90,Resolve case 90 under policy constraints and provide final action,ART-00090,true
EV_0091,billing_support,procedural,high,billing_support workflow case 91,Operator receives mixed-signal evidence packet #91,Resolve case 91 under policy constraints and provide final action,ART-00091,true
EV_0092,code_review,spatial,medium,code_review workflow case 92,Operator receives mixed-signal evidence packet #92,Resolve case 92 under policy constraints and provide final action,ART-00092,true
EV_0093,billing_support,spatial,medium,billing_support workflow case 93,Operator receives mixed-signal evidence packet #93,Resolve case 93 under policy constraints and provide final action,ART-00093,true
EV_0094,incident_triage,factual,low,incident_triage workflow case 94,Operator receives mixed-signal evidence packet #94,Resolve case 94 under policy constraints and provide final action,ART-00094,true
EV_0095,clinical_admin,spatial,medium,clinical_admin workflow case 95,Operator receives mixed-signal evidence packet #95,Resolve case 95 under policy constraints and provide final action,ART-00095,true
EV_0096,legal_intake,procedural,low,legal_intake workflow case 96,Operator receives mixed-signal evidence packet #96,Resolve case 96 under policy constraints and provide final action,ART-00096,true
EV_0097,code_review,arithmetic,high,code_review workflow case 97,Operator receives mixed-signal evidence packet #97,Resolve case 97 under policy constraints and provide final action,ART-00097,true
EV_0098,supply_chain,logical,high,supply_chain workflow case 98,Operator receives mixed-signal evidence packet #98,Resolve case 98 under policy constraints and provide final action,ART-00098,true
EV_0099,sales_ops,arithmetic,medium,sales_ops workflow case 99,Operator receives mixed-signal evidence packet #99,Resolve case 99 under policy constraints and provide final action,ART-00099,true
EV_0100,fraud_screening,spatial,low,fraud_screening workflow case 100,Operator receives mixed-signal evidence packet #100,Resolve case 100 under policy constraints and provide final action,ART-00100,true
EV_0101,supply_chain,social,critical,supply_chain workflow case 101,Operator receives mixed-signal evidence packet #101,Resolve case 101 under policy constraints and provide final action,ART-00101,true
EV_0102,incident_triage,spatial,medium,incident_triage workflow case 102,Operator receives mixed-signal evidence packet #102,Resolve case 102 under policy constraints and provide final action,ART-00102,true
EV_0103,code_review,factual,critical,code_review workflow case 103,Operator receives mixed-signal evidence packet #103,Resolve case 103 under policy constraints and provide final action,ART-00103,true
EV_0104,supply_chain,temporal,high,supply_chain workflow case 104,Operator receives mixed-signal evidence packet #104,Resolve case 104 under policy constraints and provide final action,ART-00104,true
EV_0105,clinical_admin,procedural,medium,clinical_admin workflow case 105,Operator receives mixed-signal evidence packet #105,Resolve case 105 under policy constraints and provide final action,ART-00105,true
EV_0106,incident_triage,logical,low,incident_triage workflow case 106,Operator receives mixed-signal evidence packet #106,Resolve case 106 under policy constraints and provide final action,ART-00106,true
EV_0107,sales_ops,temporal,medium,sales_ops workflow case 107,Operator receives mixed-signal evidence packet #107,Resolve case 107 under policy constraints and provide final action,ART-00107,true
EV_0108,supply_chain,logical,high,supply_chain workflow case 108,Operator receives mixed-signal evidence packet #108,Resolve case 108 under policy constraints and provide final action,ART-00108,true
EV_0109,supply_chain,factual,medium,supply_chain workflow case 109,Operator receives mixed-signal evidence packet #109,Resolve case 109 under policy constraints and provide final action,ART-00109,true
EV_0110,supply_chain,spatial,high,supply_chain workflow case 110,Operator receives mixed-signal evidence packet #110,Resolve case 110 under policy constraints and provide final action,ART-00110,true
EV_0111,billing_support,factual,low,billing_support workflow case 111,Operator receives mixed-signal evidence packet #111,Resolve case 111 under policy constraints and provide final action,ART-00111,true
EV_0112,sales_ops,factual,medium,sales_ops workflow case 112,Operator receives mixed-signal evidence packet #112,Resolve case 112 under policy constraints and provide final action,ART-00112,true
EV_0113,sales_ops,social,medium,sales_ops workflow case 113,Operator receives mixed-signal evidence packet #113,Resolve case 113 under policy constraints and provide final action,ART-00113,true
EV_0114,incident_triage,procedural,medium,incident_triage workflow case 114,Operator receives mixed-signal evidence packet #114,Resolve case 114 under policy constraints and provide final action,ART-00114,true
EV_0115,supply_chain,logical,low,supply_chain workflow case 115,Operator receives mixed-signal evidence packet #115,Resolve case 115 under policy constraints and provide final action,ART-00115,true
EV_0116,billing_support,factual,medium,billing_support workflow case 116,Operator receives mixed-signal evidence packet #116,Resolve case 116 under policy constraints and provide final action,ART-00116,true
EV_0117,clinical_admin,factual,low,clinical_admin workflow case 117,Operator receives mixed-signal evidence packet #117,Resolve case 117 under policy constraints and provide final action,ART-00117,true
EV_0118,fraud_screening,temporal,medium,fraud_screening workflow case 118,Operator receives mixed-signal evidence packet #118,Resolve case 118 under policy constraints and provide final action,ART-00118,true
EV_0119,clinical_admin,social,high,clinical_admin workflow case 119,Operator receives mixed-signal evidence packet #119,Resolve case 119 under policy constraints and provide final action,ART-00119,true
EV_0120,supply_chain,procedural,medium,supply_chain workflow case 120,Operator receives mixed-signal evidence packet #120,Resolve case 120 under policy constraints and provide final action,ART-00120,true
EV_0121,sales_ops,factual,medium,sales_ops workflow case 121,Operator receives mixed-signal evidence packet #121,Resolve case 121 under policy constraints and provide final action,ART-00121,true
EV_0122,code_review,temporal,high,code_review workflow case 122,Operator receives mixed-signal evidence packet #122,Resolve case 122 under policy constraints and provide final action,ART-00122,true
EV_0123,code_review,linguistic,low,code_review workflow case 123,Operator receives mixed-signal evidence packet #123,Resolve case 123 under policy constraints and provide final action,ART-00123,true
EV_0124,fraud_screening,procedural,low,fraud_screening workflow case 124,Operator receives mixed-signal evidence packet #124,Resolve case 124 under policy constraints and provide final action,ART-00124,true
EV_0125,incident_triage,social,critical,incident_triage workflow case 125,Operator receives mixed-signal evidence packet #125,Resolve case 125 under policy constraints and provide final action,ART-00125,true
EV_0126,incident_triage,logical,medium,incident_triage workflow case 126,Operator receives mixed-signal evidence packet #126,Resolve case 126 under policy constraints and provide final action,ART-00126,true
EV_0127,code_review,logical,medium,code_review workflow case 127,Operator receives mixed-signal evidence packet #127,Resolve case 127 under policy constraints and provide final action,ART-00127,true
EV_0128,code_review,procedural,medium,code_review workflow case 128,Operator receives mixed-signal evidence packet #128,Resolve case 128 under policy constraints and provide final action,ART-00128,true
EV_0129,legal_intake,logical,medium,legal_intake workflow case 129,Operator receives mixed-signal evidence packet #129,Resolve case 129 under policy constraints and provide final action,ART-00129,true
EV_0130,legal_intake,spatial,low,legal_intake workflow case 130,Operator receives mixed-signal evidence packet #130,Resolve case 130 under policy constraints and provide final action,ART-00130,true
EV_0131,code_review,spatial,medium,code_review workflow case 131,Operator receives mixed-signal evidence packet #131,Resolve case 131 under policy constraints and provide final action,ART-00131,true
EV_0132,clinical_admin,spatial,medium,clinical_admin workflow case 132,Operator receives mixed-signal evidence packet #132,Resolve case 132 under policy constraints and provide final action,ART-00132,true
EV_0133,incident_triage,social,low,incident_triage workflow case 133,Operator receives mixed-signal evidence packet #133,Resolve case 133 under policy constraints and provide final action,ART-00133,true
EV_0134,supply_chain,factual,medium,supply_chain workflow case 134,Operator receives mixed-signal evidence packet #134,Resolve case 134 under policy constraints and provide final action,ART-00134,true
EV_0135,code_review,spatial,low,code_review workflow case 135,Operator receives mixed-signal evidence packet #135,Resolve case 135 under policy constraints and provide final action,ART-00135,true
EV_0136,supply_chain,logical,low,supply_chain workflow case 136,Operator receives mixed-signal evidence packet #136,Resolve case 136 under policy constraints and provide final action,ART-00136,true
EV_0137,legal_intake,social,low,legal_intake workflow case 137,Operator receives mixed-signal evidence packet #137,Resolve case 137 under policy constraints and provide final action,ART-00137,true
EV_0138,sales_ops,procedural,low,sales_ops workflow case 138,Operator receives mixed-signal evidence packet #138,Resolve case 138 under policy constraints and provide final action,ART-00138,true
EV_0139,supply_chain,factual,low,supply_chain workflow case 139,Operator receives mixed-signal evidence packet #139,Resolve case 139 under policy constraints and provide final action,ART-00139,true
EV_0140,clinical_admin,factual,low,clinical_admin workflow case 140,Operator receives mixed-signal evidence packet #140,Resolve case 140 under policy constraints and provide final action,ART-00140,true
EV_0141,fraud_screening,arithmetic,medium,fraud_screening workflow case 141,Operator receives mixed-signal evidence packet #141,Resolve case 141 under policy constraints and provide final action,ART-00141,true
EV_0142,fraud_screening,procedural,medium,fraud_screening workflow case 142,Operator receives mixed-signal evidence packet #142,Resolve case 142 under policy constraints and provide final action,ART-00142,true
EV_0143,fraud_screening,arithmetic,medium,fraud_screening workflow case 143,Operator receives mixed-signal evidence packet #143,Resolve case 143 under policy constraints and provide final action,ART-00143,true
EV_0144,legal_intake,logical,low,legal_intake workflow case 144,Operator receives mixed-signal evidence packet #144,Resolve case 144 under policy constraints and provide final action,ART-00144,true
EV_0145,code_review,temporal,low,code_review workflow case 145,Operator receives mixed-signal evidence packet #145,Resolve case 145 under policy constraints and provide final action,ART-00145,true
EV_0146,sales_ops,logical,critical,sales_ops workflow case 146,Operator receives mixed-signal evidence packet #146,Resolve case 146 under policy constraints and provide final action,ART-00146,true
EV_0147,legal_intake,temporal,medium,legal_intake workflow case 147,Operator receives mixed-signal evidence packet #147,Resolve case 147 under policy constraints and provide final action,ART-00147,true
EV_0148,sales_ops,logical,high,sales_ops workflow case 148,Operator receives mixed-signal evidence packet #148,Resolve case 148 under policy constraints and provide final action,ART-00148,true
EV_0149,sales_ops,arithmetic,high,sales_ops workflow case 149,Operator receives mixed-signal evidence packet #149,Resolve case 149 under policy constraints and provide final action,ART-00149,true
EV_0150,incident_triage,social,low,incident_triage workflow case 150,Operator receives mixed-signal evidence packet #150,Resolve case 150 under policy constraints and provide final action,ART-00150,true
EV_0151,clinical_admin,factual,medium,clinical_admin workflow case 151,Operator receives mixed-signal evidence packet #151,Resolve case 151 under policy constraints and provide final action,ART-00151,true
EV_0152,supply_chain,factual,low,supply_chain workflow case 152,Operator receives mixed-signal evidence packet #152,Resolve case 152 under policy constraints and provide final action,ART-00152,true
EV_0153,sales_ops,logical,low,sales_ops workflow case 153,Operator receives mixed-signal evidence packet #153,Resolve case 153 under policy constraints and provide final action,ART-00153,true
EV_0154,billing_support,procedural,low,billing_support workflow case 154,Operator receives mixed-signal evidence packet #154,Resolve case 154 under policy constraints and provide final action,ART-00154,true
EV_0155,supply_chain,logical,low,supply_chain workflow case 155,Operator receives mixed-signal evidence packet #155,Resolve case 155 under policy constraints and provide final action,ART-00155,true
EV_0156,billing_support,spatial,high,billing_support workflow case 156,Operator receives mixed-signal evidence packet #156,Resolve case 156 under policy constraints and provide final action,ART-00156,true
EV_0157,supply_chain,factual,medium,supply_chain workflow case 157,Operator receives mixed-signal evidence packet #157,Resolve case 157 under policy constraints and provide final action,ART-00157,true
EV_0158,billing_support,factual,medium,billing_support workflow case 158,Operator receives mixed-signal evidence packet #158,Resolve case 158 under policy constraints and provide final action,ART-00158,true
EV_0159,incident_triage,social,medium,incident_triage workflow case 159,Operator receives mixed-signal evidence packet #159,Resolve case 159 under policy constraints and provide final action,ART-00159,true
EV_0160,clinical_admin,arithmetic,high,clinical_admin workflow case 160,Operator receives mixed-signal evidence packet #160,Resolve case 160 under policy constraints and provide final action,ART-00160,true
EV_0161,legal_intake,social,critical,legal_intake workflow case 161,Operator receives mixed-signal evidence packet #161,Resolve case 161 under policy constraints and provide final action,ART-00161,true
EV_0162,supply_chain,factual,low,supply_chain workflow case 162,Operator receives mixed-signal evidence packet #162,Resolve case 162 under policy constraints and provide final action,ART-00162,true
EV_0163,code_review,factual,high,code_review workflow case 163,Operator receives mixed-signal evidence packet #163,Resolve case 163 under policy constraints and provide final action,ART-00163,true
EV_0164,legal_intake,factual,high,legal_intake workflow case 164,Operator receives mixed-signal evidence packet #164,Resolve case 164 under policy constraints and provide final action,ART-00164,true
EV_0165,legal_intake,factual,medium,legal_intake workflow case 165,Operator receives mixed-signal evidence packet #165,Resolve case 165 under policy constraints and provide final action,ART-00165,true
EV_0166,legal_intake,arithmetic,low,legal_intake workflow case 166,Operator receives mixed-signal evidence packet #166,Resolve case 166 under policy constraints and provide final action,ART-00166,true
EV_0167,incident_triage,social,high,incident_triage workflow case 167,Operator receives mixed-signal evidence packet #167,Resolve case 167 under policy constraints and provide final action,ART-00167,true
EV_0168,sales_ops,arithmetic,medium,sales_ops workflow case 168,Operator receives mixed-signal evidence packet #168,Resolve case 168 under policy constraints and provide final action,ART-00168,true
EV_0169,incident_triage,social,low,incident_triage workflow case 169,Operator receives mixed-signal evidence packet #169,Resolve case 169 under policy constraints and provide final action,ART-00169,true
EV_0170,code_review,logical,low,code_review workflow case 170,Operator receives mixed-signal evidence packet #170,Resolve case 170 under policy constraints and provide final action,ART-00170,true
EV_0171,incident_triage,arithmetic,low,incident_triage workflow case 171,Operator receives mixed-signal evidence packet #171,Resolve case 171 under policy constraints and provide final action,ART-00171,true
EV_0172,supply_chain,factual,high,supply_chain workflow case 172,Operator receives mixed-signal evidence packet #172,Resolve case 172 under policy constraints and provide final action,ART-00172,true
EV_0173,code_review,arithmetic,low,code_review workflow case 173,Operator receives mixed-signal evidence packet #173,Resolve case 173 under policy constraints and provide final action,ART-00173,true
EV_0174,sales_ops,logical,high,sales_ops workflow case 174,Operator receives mixed-signal evidence packet #174,Resolve case 174 under policy constraints and provide final action,ART-00174,true
EV_0175,supply_chain,linguistic,low,supply_chain workflow case 175,Operator receives mixed-signal evidence packet #175,Resolve case 175 under policy constraints and provide final action,ART-00175,true
EV_0176,legal_intake,arithmetic,high,legal_intake workflow case 176,Operator receives mixed-signal evidence packet #176,Resolve case 176 under policy constraints and provide final action,ART-00176,true
EV_0177,supply_chain,factual,medium,supply_chain workflow case 177,Operator receives mixed-signal evidence packet #177,Resolve case 177 under policy constraints and provide final action,ART-00177,true
EV_0178,supply_chain,logical,low,supply_chain workflow case 178,Operator receives mixed-signal evidence packet #178,Resolve case 178 under policy constraints and provide final action,ART-00178,true
EV_0179,legal_intake,social,high,legal_intake workflow case 179,Operator receives mixed-signal evidence packet #179,Resolve case 179 under policy constraints and provide final action,ART-00179,true
EV_0180,legal_intake,arithmetic,low,legal_intake workflow case 180,Operator receives mixed-signal evidence packet #180,Resolve case 180 under policy constraints and provide final action,ART-00180,true
EV_0181,supply_chain,linguistic,low,supply_chain workflow case 181,Operator receives mixed-signal evidence packet #181,Resolve case 181 under policy constraints and provide final action,ART-00181,true
EV_0182,sales_ops,spatial,low,sales_ops workflow case 182,Operator receives mixed-signal evidence packet #182,Resolve case 182 under policy constraints and provide final action,ART-00182,true
EV_0183,supply_chain,spatial,high,supply_chain workflow case 183,Operator receives mixed-signal evidence packet #183,Resolve case 183 under policy constraints and provide final action,ART-00183,true
EV_0184,billing_support,arithmetic,low,billing_support workflow case 184,Operator receives mixed-signal evidence packet #184,Resolve case 184 under policy constraints and provide final action,ART-00184,true
EV_0185,clinical_admin,procedural,high,clinical_admin workflow case 185,Operator receives mixed-signal evidence packet #185,Resolve case 185 under policy constraints and provide final action,ART-00185,true
EV_0186,supply_chain,spatial,medium,supply_chain workflow case 186,Operator receives mixed-signal evidence packet #186,Resolve case 186 under policy constraints and provide final action,ART-00186,true
EV_0187,clinical_admin,arithmetic,low,clinical_admin workflow case 187,Operator receives mixed-signal evidence packet #187,Resolve case 187 under policy constraints and provide final action,ART-00187,true
EV_0188,legal_intake,procedural,medium,legal_intake workflow case 188,Operator receives mixed-signal evidence packet #188,Resolve case 188 under policy constraints and provide final action,ART-00188,true
EV_0189,billing_support,procedural,medium,billing_support workflow case 189,Operator receives mixed-signal evidence packet #189,Resolve case 189 under policy constraints and provide final action,ART-00189,true
EV_0190,legal_intake,spatial,critical,legal_intake workflow case 190,Operator receives mixed-signal evidence packet #190,Resolve case 190 under policy constraints and provide final action,ART-00190,true
EV_0191,clinical_admin,spatial,medium,clinical_admin workflow case 191,Operator receives mixed-signal evidence packet #191,Resolve case 191 under policy constraints and provide final action,ART-00191,true
EV_0192,code_review,arithmetic,medium,code_review workflow case 192,Operator receives mixed-signal evidence packet #192,Resolve case 192 under policy constraints and provide final action,ART-00192,true
EV_0193,code_review,logical,low,code_review workflow case 193,Operator receives mixed-signal evidence packet #193,Resolve case 193 under policy constraints and provide final action,ART-00193,true
EV_0194,legal_intake,logical,high,legal_intake workflow case 194,Operator receives mixed-signal evidence packet #194,Resolve case 194 under policy constraints and provide final action,ART-00194,true
EV_0195,billing_support,social,high,billing_support workflow case 195,Operator receives mixed-signal evidence packet #195,Resolve case 195 under policy constraints and provide final action,ART-00195,true
EV_0196,fraud_screening,social,critical,fraud_screening workflow case 196,Operator receives mixed-signal evidence packet #196,Resolve case 196 under policy constraints and provide final action,ART-00196,true
EV_0197,legal_intake,temporal,low,legal_intake workflow case 197,Operator receives mixed-signal evidence packet #197,Resolve case 197 under policy constraints and provide final action,ART-00197,true
EV_0198,legal_intake,arithmetic,low,legal_intake workflow case 198,Operator receives mixed-signal evidence packet #198,Resolve case 198 under policy constraints and provide final action,ART-00198,true
EV_0199,fraud_screening,spatial,medium,fraud_screening workflow case 199,Operator receives mixed-signal evidence packet #199,Resolve case 199 under policy constraints and provide final action,ART-00199,true
EV_0200,incident_triage,linguistic,high,incident_triage workflow case 200,Operator receives mixed-signal evidence packet #200,Resolve case 200 under policy constraints and provide final action,ART-00200,true
EV_0201,incident_triage,temporal,medium,incident_triage workflow case 201,Operator receives mixed-signal evidence packet #201,Resolve case 201 under policy constraints and provide final action,ART-00201,true
EV_0202,code_review,spatial,high,code_review workflow case 202,Operator receives mixed-signal evidence packet #202,Resolve case 202 under policy constraints and provide final action,ART-00202,true
EV_0203,sales_ops,linguistic,low,sales_ops workflow case 203,Operator receives mixed-signal evidence packet #203,Resolve case 203 under policy constraints and provide final action,ART-00203,true
EV_0204,legal_intake,arithmetic,medium,legal_intake workflow case 204,Operator receives mixed-signal evidence packet #204,Resolve case 204 under policy constraints and provide final action,ART-00204,true
EV_0205,legal_intake,social,medium,legal_intake workflow case 205,Operator receives mixed-signal evidence packet #205,Resolve case 205 under policy constraints and provide final action,ART-00205,true
EV_0206,legal_intake,procedural,high,legal_intake workflow case 206,Operator receives mixed-signal evidence packet #206,Resolve case 206 under policy constraints and provide final action,ART-00206,true
EV_0207,legal_intake,spatial,low,legal_intake workflow case 207,Operator receives mixed-signal evidence packet #207,Resolve case 207 under policy constraints and provide final action,ART-00207,true
EV_0208,supply_chain,logical,low,supply_chain workflow case 208,Operator receives mixed-signal evidence packet #208,Resolve case 208 under policy constraints and provide final action,ART-00208,true
EV_0209,supply_chain,linguistic,low,supply_chain workflow case 209,Operator receives mixed-signal evidence packet #209,Resolve case 209 under policy constraints and provide final action,ART-00209,true
EV_0210,billing_support,logical,low,billing_support workflow case 210,Operator receives mixed-signal evidence packet #210,Resolve case 210 under policy constraints and provide final action,ART-00210,true
EV_0211,billing_support,linguistic,medium,billing_support workflow case 211,Operator receives mixed-signal evidence packet #211,Resolve case 211 under policy constraints and provide final action,ART-00211,true
EV_0212,billing_support,social,critical,billing_support workflow case 212,Operator receives mixed-signal evidence packet #212,Resolve case 212 under policy constraints and provide final action,ART-00212,true
EV_0213,sales_ops,logical,high,sales_ops workflow case 213,Operator receives mixed-signal evidence packet #213,Resolve case 213 under policy constraints and provide final action,ART-00213,true
EV_0214,fraud_screening,linguistic,medium,fraud_screening workflow case 214,Operator receives mixed-signal evidence packet #214,Resolve case 214 under policy constraints and provide final action,ART-00214,true
EV_0215,clinical_admin,social,high,clinical_admin workflow case 215,Operator receives mixed-signal evidence packet #215,Resolve case 215 under policy constraints and provide final action,ART-00215,true
EV_0216,fraud_screening,factual,medium,fraud_screening workflow case 216,Operator receives mixed-signal evidence packet #216,Resolve case 216 under policy constraints and provide final action,ART-00216,true
EV_0217,incident_triage,spatial,high,incident_triage workflow case 217,Operator receives mixed-signal evidence packet #217,Resolve case 217 under policy constraints and provide final action,ART-00217,true
EV_0218,supply_chain,social,low,supply_chain workflow case 218,Operator receives mixed-signal evidence packet #218,Resolve case 218 under policy constraints and provide final action,ART-00218,true
EV_0219,legal_intake,arithmetic,critical,legal_intake workflow case 219,Operator receives mixed-signal evidence packet #219,Resolve case 219 under policy constraints and provide final action,ART-00219,true
EV_0220,incident_triage,temporal,medium,incident_triage workflow case 220,Operator receives mixed-signal evidence packet #220,Resolve case 220 under policy constraints and provide final action,ART-00220,true
EV_0221,sales_ops,arithmetic,low,sales_ops workflow case 221,Operator receives mixed-signal evidence packet #221,Resolve case 221 under policy constraints and provide final action,ART-00221,true
EV_0222,code_review,factual,low,code_review workflow case 222,Operator receives mixed-signal evidence packet #222,Resolve case 222 under policy constraints and provide final action,ART-00222,true
EV_0223,sales_ops,logical,low,sales_ops workflow case 223,Operator receives mixed-signal evidence packet #223,Resolve case 223 under policy constraints and provide final action,ART-00223,true
EV_0224,sales_ops,linguistic,high,sales_ops workflow case 224,Operator receives mixed-signal evidence packet #224,Resolve case 224 under policy constraints and provide final action,ART-00224,true
EV_0225,clinical_admin,arithmetic,medium,clinical_admin workflow case 225,Operator receives mixed-signal evidence packet #225,Resolve case 225 under policy constraints and provide final action,ART-00225,true
EV_0226,sales_ops,arithmetic,low,sales_ops workflow case 226,Operator receives mixed-signal evidence packet #226,Resolve case 226 under policy constraints and provide final action,ART-00226,true
EV_0227,billing_support,temporal,low,billing_support workflow case 227,Operator receives mixed-signal evidence packet #227,Resolve case 227 under policy constraints and provide final action,ART-00227,true
EV_0228,billing_support,spatial,high,billing_support workflow case 228,Operator receives mixed-signal evidence packet #228,Resolve case 228 under policy constraints and provide final action,ART-00228,true
EV_0229,sales_ops,social,high,sales_ops workflow case 229,Operator receives mixed-signal evidence packet #229,Resolve case 229 under policy constraints and provide final action,ART-00229,true
EV_0230,legal_intake,spatial,high,legal_intake workflow case 230,Operator receives mixed-signal evidence packet #230,Resolve case 230 under policy constraints and provide final action,ART-00230,true
EV_0231,supply_chain,logical,medium,supply_chain workflow case 231,Operator receives mixed-signal evidence packet #231,Resolve case 231 under policy constraints and provide final action,ART-00231,true
EV_0232,sales_ops,social,high,sales_ops workflow case 232,Operator receives mixed-signal evidence packet #232,Resolve case 232 under policy constraints and provide final action,ART-00232,true
EV_0233,legal_intake,linguistic,critical,legal_intake workflow case 233,Operator receives mixed-signal evidence packet #233,Resolve case 233 under policy constraints and provide final action,ART-00233,true
EV_0234,incident_triage,temporal,low,incident_triage workflow case 234,Operator receives mixed-signal evidence packet #234,Resolve case 234 under policy constraints and provide final action,ART-00234,true
EV_0235,supply_chain,procedural,critical,supply_chain workflow case 235,Operator receives mixed-signal evidence packet #235,Resolve case 235 under policy constraints and provide final action,ART-00235,true
EV_0236,supply_chain,procedural,low,supply_chain workflow case 236,Operator receives mixed-signal evidence packet #236,Resolve case 236 under policy constraints and provide final action,ART-00236,true
EV_0237,sales_ops,social,medium,sales_ops workflow case 237,Operator receives mixed-signal evidence packet #237,Resolve case 237 under policy constraints and provide final action,ART-00237,true
EV_0238,legal_intake,temporal,low,legal_intake workflow case 238,Operator receives mixed-signal evidence packet #238,Resolve case 238 under policy constraints and provide final action,ART-00238,true
EV_0239,supply_chain,social,low,supply_chain workflow case 239,Operator receives mixed-signal evidence packet #239,Resolve case 239 under policy constraints and provide final action,ART-00239,true
EV_0240,code_review,procedural,low,code_review workflow case 240,Operator receives mixed-signal evidence packet #240,Resolve case 240 under policy constraints and provide final action,ART-00240,true
EV_0241,incident_triage,arithmetic,critical,incident_triage workflow case 241,Operator receives mixed-signal evidence packet #241,Resolve case 241 under policy constraints and provide final action,ART-00241,true
EV_0242,legal_intake,factual,low,legal_intake workflow case 242,Operator receives mixed-signal evidence packet #242,Resolve case 242 under policy constraints and provide final action,ART-00242,true
EV_0243,billing_support,spatial,medium,billing_support workflow case 243,Operator receives mixed-signal evidence packet #243,Resolve case 243 under policy constraints and provide final action,ART-00243,true
EV_0244,incident_triage,logical,medium,incident_triage workflow case 244,Operator receives mixed-signal evidence packet #244,Resolve case 244 under policy constraints and provide final action,ART-00244,true
EV_0245,billing_support,social,critical,billing_support workflow case 245,Operator receives mixed-signal evidence packet #245,Resolve case 245 under policy constraints and provide final action,ART-00245,true
EV_0246,billing_support,linguistic,low,billing_support workflow case 246,Operator receives mixed-signal evidence packet #246,Resolve case 246 under policy constraints and provide final action,ART-00246,true
EV_0247,billing_support,spatial,low,billing_support workflow case 247,Operator receives mixed-signal evidence packet #247,Resolve case 247 under policy constraints and provide final action,ART-00247,true
EV_0248,billing_support,logical,medium,billing_support workflow case 248,Operator receives mixed-signal evidence packet #248,Resolve case 248 under policy constraints and provide final action,ART-00248,true
EV_0249,clinical_admin,temporal,critical,clinical_admin workflow case 249,Operator receives mixed-signal evidence packet #249,Resolve case 249 under policy constraints and provide final action,ART-00249,true
EV_0250,billing_support,spatial,low,billing_support workflow case 250,Operator receives mixed-signal evidence packet #250,Resolve case 250 under policy constraints and provide final action,ART-00250,true
EV_0251,billing_support,procedural,high,billing_support workflow case 251,Operator receives mixed-signal evidence packet #251,Resolve case 251 under policy constraints and provide final action,ART-00251,true
EV_0252,incident_triage,procedural,medium,incident_triage workflow case 252,Operator receives mixed-signal evidence packet #252,Resolve case 252 under policy constraints and provide final action,ART-00252,true
EV_0253,code_review,linguistic,medium,code_review workflow case 253,Operator receives mixed-signal evidence packet #253,Resolve case 253 under policy constraints and provide final action,ART-00253,true
EV_0254,clinical_admin,factual,high,clinical_admin workflow case 254,Operator receives mixed-signal evidence packet #254,Resolve case 254 under policy constraints and provide final action,ART-00254,true
EV_0255,supply_chain,logical,low,supply_chain workflow case 255,Operator receives mixed-signal evidence packet #255,Resolve case 255 under policy constraints and provide final action,ART-00255,true
EV_0256,fraud_screening,factual,medium,fraud_screening workflow case 256,Operator receives mixed-signal evidence packet #256,Resolve case 256 under policy constraints and provide final action,ART-00256,true
EV_0257,clinical_admin,social,low,clinical_admin workflow case 257,Operator receives mixed-signal evidence packet #257,Resolve case 257 under policy constraints and provide final action,ART-00257,true
EV_0258,clinical_admin,social,low,clinical_admin workflow case 258,Operator receives mixed-signal evidence packet #258,Resolve case 258 under policy constraints and provide final action,ART-00258,true
EV_0259,code_review,social,medium,code_review workflow case 259,Operator receives mixed-signal evidence packet #259,Resolve case 259 under policy constraints and provide final action,ART-00259,true
EV_0260,sales_ops,social,medium,sales_ops workflow case 260,Operator receives mixed-signal evidence packet #260,Resolve case 260 under policy constraints and provide final action,ART-00260,true
EV_0261,incident_triage,linguistic,medium,incident_triage workflow case 261,Operator receives mixed-signal evidence packet #261,Resolve case 261 under policy constraints and provide final action,ART-00261,true
EV_0262,code_review,factual,high,code_review workflow case 262,Operator receives mixed-signal evidence packet #262,Resolve case 262 under policy constraints and provide final action,ART-00262,true
EV_0263,fraud_screening,arithmetic,high,fraud_screening workflow case 263,Operator receives mixed-signal evidence packet #263,Resolve case 263 under policy constraints and provide final action,ART-00263,true
EV_0264,code_review,spatial,medium,code_review workflow case 264,Operator receives mixed-signal evidence packet #264,Resolve case 264 under policy constraints and provide final action,ART-00264,true
EV_0265,code_review,logical,critical,code_review workflow case 265,Operator receives mixed-signal evidence packet #265,Resolve case 265 under policy constraints and provide final action,ART-00265,true
EV_0266,code_review,factual,medium,code_review workflow case 266,Operator receives mixed-signal evidence packet #266,Resolve case 266 under policy constraints and provide final action,ART-00266,true
EV_0267,clinical_admin,spatial,critical,clinical_admin workflow case 267,Operator receives mixed-signal evidence packet #267,Resolve case 267 under policy constraints and provide final action,ART-00267,true
EV_0268,supply_chain,temporal,medium,supply_chain workflow case 268,Operator receives mixed-signal evidence packet #268,Resolve case 268 under policy constraints and provide final action,ART-00268,true
EV_0269,legal_intake,logical,medium,legal_intake workflow case 269,Operator receives mixed-signal evidence packet #269,Resolve case 269 under policy constraints and provide final action,ART-00269,true
EV_0270,supply_chain,arithmetic,low,supply_chain workflow case 270,Operator receives mixed-signal evidence packet #270,Resolve case 270 under policy constraints and provide final action,ART-00270,true
EV_0271,fraud_screening,factual,low,fraud_screening workflow case 271,Operator receives mixed-signal evidence packet #271,Resolve case 271 under policy constraints and provide final action,ART-00271,true
EV_0272,billing_support,logical,medium,billing_support workflow case 272,Operator receives mixed-signal evidence packet #272,Resolve case 272 under policy constraints and provide final action,ART-00272,true
EV_0273,clinical_admin,procedural,critical,clinical_admin workflow case 273,Operator receives mixed-signal evidence packet #273,Resolve case 273 under policy constraints and provide final action,ART-00273,true
EV_0274,legal_intake,spatial,low,legal_intake workflow case 274,Operator receives mixed-signal evidence packet #274,Resolve case 274 under policy constraints and provide final action,ART-00274,true
EV_0275,legal_intake,spatial,medium,legal_intake workflow case 275,Operator receives mixed-signal evidence packet #275,Resolve case 275 under policy constraints and provide final action,ART-00275,true
EV_0276,legal_intake,social,high,legal_intake workflow case 276,Operator receives mixed-signal evidence packet #276,Resolve case 276 under policy constraints and provide final action,ART-00276,true
EV_0277,billing_support,linguistic,high,billing_support workflow case 277,Operator receives mixed-signal evidence packet #277,Resolve case 277 under policy constraints and provide final action,ART-00277,true
EV_0278,supply_chain,linguistic,medium,supply_chain workflow case 278,Operator receives mixed-signal evidence packet #278,Resolve case 278 under policy constraints and provide final action,ART-00278,true
EV_0279,sales_ops,spatial,low,sales_ops workflow case 279,Operator receives mixed-signal evidence packet #279,Resolve case 279 under policy constraints and provide final action,ART-00279,true
EV_0280,legal_intake,procedural,medium,legal_intake workflow case 280,Operator receives mixed-signal evidence packet #280,Resolve case 280 under policy constraints and provide final action,ART-00280,true
EV_0281,fraud_screening,logical,low,fraud_screening workflow case 281,Operator receives mixed-signal evidence packet #281,Resolve case 281 under policy constraints and provide final action,ART-00281,true
EV_0282,fraud_screening,linguistic,low,fraud_screening workflow case 282,Operator receives mixed-signal evidence packet #282,Resolve case 282 under policy constraints and provide final action,ART-00282,true
EV_0283,billing_support,social,medium,billing_support workflow case 283,Operator receives mixed-signal evidence packet #283,Resolve case 283 under policy constraints and provide final action,ART-00283,true
EV_0284,legal_intake,social,medium,legal_intake workflow case 284,Operator receives mixed-signal evidence packet #284,Resolve case 284 under policy constraints and provide final action,ART-00284,true
EV_0285,code_review,linguistic,low,code_review workflow case 285,Operator receives mixed-signal evidence packet #285,Resolve case 285 under policy constraints and provide final action,ART-00285,true
EV_0286,clinical_admin,linguistic,low,clinical_admin workflow case 286,Operator receives mixed-signal evidence packet #286,Resolve case 286 under policy constraints and provide final action,ART-00286,true
EV_0287,supply_chain,social,medium,supply_chain workflow case 287,Operator receives mixed-signal evidence packet #287,Resolve case 287 under policy constraints and provide final action,ART-00287,true
EV_0288,code_review,procedural,high,code_review workflow case 288,Operator receives mixed-signal evidence packet #288,Resolve case 288 under policy constraints and provide final action,ART-00288,true
EV_0289,clinical_admin,factual,low,clinical_admin workflow case 289,Operator receives mixed-signal evidence packet #289,Resolve case 289 under policy constraints and provide final action,ART-00289,true
EV_0290,billing_support,social,medium,billing_support workflow case 290,Operator receives mixed-signal evidence packet #290,Resolve case 290 under policy constraints and provide final action,ART-00290,true
EV_0291,clinical_admin,procedural,low,clinical_admin workflow case 291,Operator receives mixed-signal evidence packet #291,Resolve case 291 under policy constraints and provide final action,ART-00291,true
EV_0292,clinical_admin,factual,low,clinical_admin workflow case 292,Operator receives mixed-signal evidence packet #292,Resolve case 292 under policy constraints and provide final action,ART-00292,true
EV_0293,code_review,procedural,high,code_review workflow case 293,Operator receives mixed-signal evidence packet #293,Resolve case 293 under policy constraints and provide final action,ART-00293,true
EV_0294,incident_triage,factual,low,incident_triage workflow case 294,Operator receives mixed-signal evidence packet #294,Resolve case 294 under policy constraints and provide final action,ART-00294,true
EV_0295,clinical_admin,factual,high,clinical_admin workflow case 295,Operator receives mixed-signal evidence packet #295,Resolve case 295 under policy constraints and provide final action,ART-00295,true
EV_0296,legal_intake,procedural,medium,legal_intake workflow case 296,Operator receives mixed-signal evidence packet #296,Resolve case 296 under policy constraints and provide final action,ART-00296,true
EV_0297,incident_triage,arithmetic,low,incident_triage workflow case 297,Operator receives mixed-signal evidence packet #297,Resolve case 297 under policy constraints and provide final action,ART-00297,true
EV_0298,fraud_screening,logical,low,fraud_screening workflow case 298,Operator receives mixed-signal evidence packet #298,Resolve case 298 under policy constraints and provide final action,ART-00298,true
EV_0299,supply_chain,social,medium,supply_chain workflow case 299,Operator receives mixed-signal evidence packet #299,Resolve case 299 under policy constraints and provide final action,ART-00299,true
EV_0300,billing_support,linguistic,critical,billing_support workflow case 300,Operator receives mixed-signal evidence packet #300,Resolve case 300 under policy constraints and provide final action,ART-00300,true
EV_0301,fraud_screening,logical,medium,fraud_screening workflow case 301,Operator receives mixed-signal evidence packet #301,Resolve case 301 under policy constraints and provide final action,ART-00301,true
EV_0302,incident_triage,temporal,low,incident_triage workflow case 302,Operator receives mixed-signal evidence packet #302,Resolve case 302 under policy constraints and provide final action,ART-00302,true
EV_0303,clinical_admin,spatial,high,clinical_admin workflow case 303,Operator receives mixed-signal evidence packet #303,Resolve case 303 under policy constraints and provide final action,ART-00303,true
EV_0304,fraud_screening,logical,medium,fraud_screening workflow case 304,Operator receives mixed-signal evidence packet #304,Resolve case 304 under policy constraints and provide final action,ART-00304,true
EV_0305,billing_support,factual,low,billing_support workflow case 305,Operator receives mixed-signal evidence packet #305,Resolve case 305 under policy constraints and provide final action,ART-00305,true
EV_0306,clinical_admin,social,medium,clinical_admin workflow case 306,Operator receives mixed-signal evidence packet #306,Resolve case 306 under policy constraints and provide final action,ART-00306,true
EV_0307,code_review,spatial,high,code_review workflow case 307,Operator receives mixed-signal evidence packet #307,Resolve case 307 under policy constraints and provide final action,ART-00307,true
EV_0308,fraud_screening,spatial,low,fraud_screening workflow case 308,Operator receives mixed-signal evidence packet #308,Resolve case 308 under policy constraints and provide final action,ART-00308,true
EV_0309,clinical_admin,procedural,medium,clinical_admin workflow case 309,Operator receives mixed-signal evidence packet #309,Resolve case 309 under policy constraints and provide final action,ART-00309,true
EV_0310,supply_chain,temporal,high,supply_chain workflow case 310,Operator receives mixed-signal evidence packet #310,Resolve case 310 under policy constraints and provide final action,ART-00310,true
EV_0311,clinical_admin,factual,low,clinical_admin workflow case 311,Operator receives mixed-signal evidence packet #311,Resolve case 311 under policy constraints and provide final action,ART-00311,true
EV_0312,billing_support,logical,high,billing_support workflow case 312,Operator receives mixed-signal evidence packet #312,Resolve case 312 under policy constraints and provide final action,ART-00312,true
EV_0313,code_review,arithmetic,low,code_review workflow case 313,Operator receives mixed-signal evidence packet #313,Resolve case 313 under policy constraints and provide final action,ART-00313,true
EV_0314,sales_ops,spatial,medium,sales_ops workflow case 314,Operator receives mixed-signal evidence packet #314,Resolve case 314 under policy constraints and provide final action,ART-00314,true
EV_0315,fraud_screening,logical,low,fraud_screening workflow case 315,Operator receives mixed-signal evidence packet #315,Resolve case 315 under policy constraints and provide final action,ART-00315,true
EV_0316,clinical_admin,temporal,high,clinical_admin workflow case 316,Operator receives mixed-signal evidence packet #316,Resolve case 316 under policy constraints and provide final action,ART-00316,true
EV_0317,code_review,factual,high,code_review workflow case 317,Operator receives mixed-signal evidence packet #317,Resolve case 317 under policy constraints and provide final action,ART-00317,true
EV_0318,supply_chain,linguistic,medium,supply_chain workflow case 318,Operator receives mixed-signal evidence packet #318,Resolve case 318 under policy constraints and provide final action,ART-00318,true
EV_0319,fraud_screening,social,high,fraud_screening workflow case 319,Operator receives mixed-signal evidence packet #319,Resolve case 319 under policy constraints and provide final action,ART-00319,true
EV_0320,billing_support,linguistic,low,billing_support workflow case 320,Operator receives mixed-signal evidence packet #320,Resolve case 320 under policy constraints and provide final action,ART-00320,true
