question_id,domain,subcategory,difficulty,source_dataset,source_question_id,transformation_type,parent_question_id,cross_llm_agreement,difficulty_validated,answer_type
,arithmetic,numerical_reasoning,easy,math_dataset,train_7502_var_2,surface_variation,train_7502,0.6666666666666666,True,exact_numeric
,arithmetic,word_problems,hard,gsm8k,train_7148_var_4,surface_variation,train_7148,1.0,True,exact_numeric
,arithmetic,word_problems,hard,gsm8k,train_6527_var_4,surface_variation,train_6527,0.6666666666666666,True,exact_numeric
,arithmetic,word_problems,hard,gsm8k,train_6993_var_3,surface_variation,train_6993,0.6666666666666666,True,exact_numeric
,arithmetic,word_problems,adversarial,gsm8k,train_6225_var_2,surface_variation,train_6225,1.0,True,exact_numeric
,arithmetic,word_problems,hard,gsm8k,train_160_var_4,surface_variation,train_160,1.0,True,exact_numeric
,arithmetic,word_problems,hard,gsm8k,train_1931_var_4,surface_variation,train_1931,0.0,True,exact_numeric
,arithmetic,word_problems,easy,gsm8k,test_644_var_1,surface_variation,test_644,1.0,True,exact_numeric
,arithmetic,mental_calculation,hard,math_dataset,test_5_var_4,surface_variation,test_5,0.6666666666666666,True,exact_numeric
,arithmetic,mental_calculation,hard,math_dataset,train_7682_var_1,surface_variation,train_7682,0.0,True,exact_numeric
,arithmetic,numerical_reasoning,medium,math_dataset,train_11996_var_1,surface_variation,train_11996,0.5,True,exact_numeric
,arithmetic,word_problems,hard,gsm8k,train_1660_var_3,surface_variation,train_1660,1.0,True,exact_numeric
,arithmetic,word_problems,hard,gsm8k,train_6321_var_1,surface_variation,train_6321,0.5,True,exact_numeric
,arithmetic,word_problems,easy,gsm8k,test_65_var_1,surface_variation,test_65,1.0,True,exact_numeric
,arithmetic,word_problems,hard,gsm8k,train_6993_var_4,surface_variation,train_6993,1.0,True,exact_numeric
,arithmetic,mental_calculation,hard,math_dataset,test_67_var_4,surface_variation,test_67,1.0,True,exact_numeric
,arithmetic,word_problems,hard,gsm8k,test_644_var_3,surface_variation,test_644,1.0,True,exact_numeric
,arithmetic,mental_calculation,hard,math_dataset,train_7682_var_3,surface_variation,train_7682,1.0,True,exact_numeric
,arithmetic,mental_calculation,hard,math_dataset,test_67_var_2,surface_variation,test_67,1.0,True,exact_numeric
,arithmetic,word_problems,easy,gsm8k,train_6691_var_3,surface_variation,train_6691,1.0,True,exact_numeric
,arithmetic,word_problems,hard,gsm8k,test_479_var_2,surface_variation,test_479,0.6666666666666666,True,exact_numeric
,arithmetic,word_problems,hard,gsm8k,train_4859_var_1,surface_variation,train_4859,1.0,True,exact_numeric
,arithmetic,numerical_reasoning,hard,math_dataset,train_11996_var_3,surface_variation,train_11996,0.0,True,exact_numeric
,arithmetic,mental_calculation,hard,math_dataset,train_1240_var_1,surface_variation,train_1240,1.0,True,exact_numeric
,arithmetic,word_problems,hard,gsm8k,train_6993_var_1,surface_variation,train_6993,1.0,True,exact_numeric
,arithmetic,numerical_reasoning,hard,math_dataset,train_2548_var_4,surface_variation,train_2548,0.0,True,exact_numeric
,arithmetic,word_problems,hard,gsm8k,train_4384_var_2,surface_variation,train_4384,1.0,True,exact_numeric
,arithmetic,mental_calculation,adversarial,math_dataset,train_7823_var_2,surface_variation,train_7823,1.0,True,exact_numeric
,arithmetic,numerical_reasoning,medium,math_dataset,train_7972_var_3,surface_variation,train_7972,1.0,True,exact_numeric
,arithmetic,mental_calculation,hard,math_dataset,train_9838_var_1,surface_variation,train_9838,1.0,True,exact_numeric
,arithmetic,word_problems,hard,gsm8k,train_7148_var_2,surface_variation,train_7148,1.0,True,exact_numeric
,arithmetic,word_problems,hard,gsm8k,train_160_var_3,surface_variation,train_160,0.5,True,exact_numeric
,arithmetic,word_problems,hard,gsm8k,test_479_var_3,surface_variation,test_479,0.6666666666666666,True,exact_numeric
,arithmetic,word_problems,hard,gsm8k,train_7131_var_1,surface_variation,train_7131,0.5,True,exact_numeric
,arithmetic,word_problems,adversarial,gsm8k,train_6993_var_2,surface_variation,train_6993,1.0,True,exact_numeric
,arithmetic,mental_calculation,hard,math_dataset,train_289_var_1,surface_variation,train_289,0.0,True,exact_numeric
,arithmetic,word_problems,hard,gsm8k,train_1931_var_1,surface_variation,train_1931,0.5,True,exact_numeric
,arithmetic,numerical_reasoning,hard,math_dataset,train_7972_var_4,surface_variation,train_7972,1.0,True,exact_numeric
,arithmetic,mental_calculation,easy,bigbench,simple_arithmetic_json_0_var_1,surface_variation,simple_arithmetic_json_0,1.0,True,exact_numeric
,arithmetic,mental_calculation,easy,bigbench,simple_arithmetic_json_0_var_4,surface_variation,simple_arithmetic_json_0,1.0,True,exact_numeric
,arithmetic,word_problems,hard,gsm8k,train_6321_var_2,surface_variation,train_6321,1.0,True,exact_numeric
,arithmetic,word_problems,adversarial,gsm8k,train_4384_var_3,surface_variation,train_4384,1.0,True,exact_numeric
,arithmetic,mental_calculation,hard,math_dataset,test_67_var_3,surface_variation,test_67,1.0,True,exact_numeric
,arithmetic,word_problems,hard,gsm8k,train_4384_var_1,surface_variation,train_4384,1.0,True,exact_numeric
,arithmetic,word_problems,hard,gsm8k,test_0_var_2,surface_variation,test_0,0.6666666666666666,True,exact_numeric
,arithmetic,word_problems,hard,gsm8k,train_7148_var_3,surface_variation,train_7148,1.0,True,exact_numeric
,arithmetic,word_problems,easy,gsm8k,train_6691_var_2,surface_variation,train_6691,1.0,True,exact_numeric
,arithmetic,word_problems,easy,gsm8k,train_6527_var_2,surface_variation,train_6527,0.6666666666666666,True,exact_numeric
,arithmetic,word_problems,hard,gsm8k,train_1931_var_2,surface_variation,train_1931,0.6666666666666666,True,exact_numeric
,arithmetic,word_problems,easy,gsm8k,train_4384_var_4,surface_variation,train_4384,0.6666666666666666,True,exact_numeric
,factual,cross_domain_trivia,easy,bigbench,qa_wikidata_4700_var_2,surface_variation,qa_wikidata_4700,1.0,True,short_text
,factual,cross_domain_trivia,easy,bigbench,qa_wikidata_4700_var_2,surface_variation,qa_wikidata_4700,1.0,True,short_text
,factual,cross_domain_trivia,easy,bigbench,qa_wikidata_20386_var_4,surface_variation,qa_wikidata_20386,1.0,True,short_text
,factual,cross_domain_trivia,hard,triviaqa,train_322_var_4,surface_variation,train_322,1.0,True,short_text
,factual,science,easy,arc,ARC-Easy_train_965_var_2,surface_variation,ARC-Easy_train_965,1.0,True,multiple_choice
,factual,cross_domain_trivia,easy,triviaqa,test_3285_var_2,surface_variation,test_3285,1.0,True,short_text
,factual,cross_domain_trivia,easy,triviaqa,validation_2651_var_2,surface_variation,validation_2651,1.0,True,short_text
,factual,cross_domain_trivia,easy,bigbench,qa_wikidata_19545_var_1,surface_variation,qa_wikidata_19545,1.0,True,short_text
,factual,cross_domain_trivia,hard,bigbench,qa_wikidata_15528_var_2,surface_variation,qa_wikidata_15528,1.0,True,short_text
,factual,science,easy,arc,ARC-Easy_test_953_var_3,surface_variation,ARC-Easy_test_953,1.0,True,multiple_choice
,factual,science,easy,arc,ARC-Challenge_train_56_var_1,surface_variation,ARC-Challenge_train_56,1.0,True,multiple_choice
,factual,cross_domain_trivia,hard,triviaqa,validation_2576_var_2,surface_variation,validation_2576,0.6666666666666666,True,short_text
,factual,cross_domain_trivia,easy,triviaqa,validation_2651_var_4,surface_variation,validation_2651,1.0,True,short_text
,factual,science,easy,arc,ARC-Easy_train_1139_var_1,surface_variation,ARC-Easy_train_1139,1.0,True,multiple_choice
,factual,cross_domain_trivia,easy,triviaqa,validation_4546_var_4,surface_variation,validation_4546,0.6666666666666666,True,short_text
,factual,cross_domain_trivia,easy,triviaqa,test_4701_var_2,surface_variation,test_4701,1.0,True,short_text
,factual,cross_domain_trivia,easy,bigbench,qa_wikidata_11120_var_4,surface_variation,qa_wikidata_11120,1.0,True,short_text
,factual,science,easy,arc,ARC-Easy_train_2206_var_1,surface_variation,ARC-Easy_train_2206,1.0,True,multiple_choice
,factual,cross_domain_trivia,hard,bigbench,qa_wikidata_18726_var_4,surface_variation,qa_wikidata_18726,1.0,True,short_text
,factual,cross_domain_trivia,easy,bigbench,qa_wikidata_14246_var_4,surface_variation,qa_wikidata_14246,1.0,True,short_text
,factual,cross_domain_trivia,easy,bigbench,qa_wikidata_20386_var_4,surface_variation,qa_wikidata_20386,1.0,True,short_text
,factual,science,easy,arc,ARC-Easy_test_953_var_2,surface_variation,ARC-Easy_test_953,1.0,True,multiple_choice
,factual,cross_domain_trivia,easy,triviaqa,test_0_var_4,surface_variation,test_0,1.0,True,short_text
,factual,science,hard,arc,ARC-Challenge_test_271_var_4,surface_variation,ARC-Challenge_test_271,1.0,True,multiple_choice
,factual,science,hard,arc,ARC-Challenge_test_761_var_1,surface_variation,ARC-Challenge_test_761,1.0,True,multiple_choice
,factual,cross_domain_trivia,hard,triviaqa,train_4053_var_4,surface_variation,train_4053,1.0,True,short_text
,factual,science,easy,arc,ARC-Easy_train_1197_var_1,surface_variation,ARC-Easy_train_1197,1.0,True,multiple_choice
,factual,cross_domain_trivia,hard,bigbench,qa_wikidata_18726_var_2,surface_variation,qa_wikidata_18726,1.0,True,short_text
,factual,cross_domain_trivia,adversarial,triviaqa,train_131_var_1,surface_variation,train_131,1.0,True,short_text
,factual,cross_domain_trivia,easy,bigbench,qa_wikidata_13408_var_3,surface_variation,qa_wikidata_13408,1.0,True,short_text
,factual,cross_domain_trivia,adversarial,bigbench,qa_wikidata_11120_var_1,surface_variation,qa_wikidata_11120,1.0,True,short_text
,factual,science,hard,arc,ARC-Challenge_test_761_var_2,surface_variation,ARC-Challenge_test_761,1.0,True,multiple_choice
,factual,cross_domain_trivia,easy,triviaqa,test_4268_var_1,surface_variation,test_4268,1.0,True,short_text
,factual,science,easy,arc,ARC-Easy_test_953_var_4,surface_variation,ARC-Easy_test_953,1.0,True,multiple_choice
,factual,cross_domain_trivia,easy,bigbench,qa_wikidata_11120_var_2,surface_variation,qa_wikidata_11120,1.0,True,short_text
,factual,cross_domain_trivia,easy,triviaqa,train_131_var_3,surface_variation,train_131,0.6666666666666666,True,short_text
,factual,cross_domain_trivia,hard,triviaqa,test_4701_var_1,surface_variation,test_4701,1.0,True,short_text
,factual,cross_domain_trivia,adversarial,triviaqa,validation_2576_var_4,surface_variation,validation_2576,0.3333333333333333,True,short_text
,factual,cross_domain_trivia,adversarial,triviaqa,train_131_var_4,surface_variation,train_131,1.0,True,short_text
,factual,cross_domain_trivia,easy,bigbench,qa_wikidata_14246_var_1,surface_variation,qa_wikidata_14246,1.0,True,short_text
,factual,cross_domain_trivia,easy,bigbench,qa_wikidata_11120_var_3,surface_variation,qa_wikidata_11120,1.0,True,short_text
,factual,cross_domain_trivia,easy,bigbench,qa_wikidata_16943_var_1,surface_variation,qa_wikidata_16943,1.0,True,short_text
,factual,cross_domain_trivia,easy,bigbench,qa_wikidata_2585_var_4,surface_variation,qa_wikidata_2585,0.6666666666666666,True,short_text
,factual,science,hard,arc,ARC-Challenge_test_0_var_2,surface_variation,ARC-Challenge_test_0,1.0,True,multiple_choice
,factual,science,easy,arc,ARC-Easy_test_1190_var_2,surface_variation,ARC-Easy_test_1190,1.0,True,multiple_choice
,factual,cross_domain_trivia,easy,bigbench,qa_wikidata_13408_var_3,surface_variation,qa_wikidata_13408,1.0,True,short_text
,factual,cross_domain_trivia,hard,bigbench,qa_wikidata_19035_var_2,surface_variation,qa_wikidata_19035,1.0,True,short_text
,factual,cross_domain_trivia,hard,bigbench,qa_wikidata_18726_var_3,surface_variation,qa_wikidata_18726,1.0,True,short_text
,factual,cross_domain_trivia,easy,bigbench,qa_wikidata_15528_var_4,surface_variation,qa_wikidata_15528,1.0,True,short_text
,factual,cross_domain_trivia,hard,triviaqa,train_3364_var_4,surface_variation,train_3364,0.6666666666666666,True,short_text
linguistic_ambiguity_resolution_0017,linguistic,ambiguity_resolution,hard,llm_generated,llm_linguistic_ambiguity_resolution_001_1771321915_var_2,surface_variation,linguistic_ambiguity_resolution_0017,1.0,True,short_text
linguistic_ambiguity_resolution_0021,linguistic,ambiguity_resolution,hard,llm_generated,llm_linguistic_ambiguity_resolution_005_1771321915_var_2,surface_variation,linguistic_ambiguity_resolution_0021,1.0,True,short_text
linguistic_ambiguity_resolution_0020,linguistic,ambiguity_resolution,hard,llm_generated,llm_linguistic_ambiguity_resolution_004_1771321915_var_2,surface_variation,linguistic_ambiguity_resolution_0020,0.6666666666666666,True,short_text
linguistic_register_formality_0031,linguistic,register_formality,hard,llm_generated,llm_linguistic_register_formality_007_1771321920_var_2,surface_variation,linguistic_register_formality_0031,1.0,True,short_text
linguistic_morphology_0014,linguistic,morphology,easy,llm_generated,llm_linguistic_morphology_006_1771321908_var_1,surface_variation,linguistic_morphology_0014,1.0,True,short_text
linguistic_register_formality_0028,linguistic,register_formality,easy,llm_generated,llm_linguistic_register_formality_004_1771321920_var_2,surface_variation,linguistic_register_formality_0028,1.0,True,short_text
linguistic_ambiguity_resolution_0019,linguistic,ambiguity_resolution,hard,llm_generated,llm_linguistic_ambiguity_resolution_003_1771321915_var_1,surface_variation,linguistic_ambiguity_resolution_0019,1.0,True,short_text
linguistic_grammar_correction_0036,linguistic,grammar_correction,hard,llm_generated,llm_linguistic_grammar_correction_004_1771321927_var_4,surface_variation,linguistic_grammar_correction_0036,1.0,True,short_text
linguistic_grammar_correction_0038,linguistic,grammar_correction,hard,llm_generated,llm_linguistic_grammar_correction_006_1771321927_var_4,surface_variation,linguistic_grammar_correction_0038,1.0,True,short_text
linguistic_syntax_parsing_0000,linguistic,syntax_parsing,easy,llm_generated,llm_linguistic_syntax_parsing_000_1771321903_var_1,surface_variation,linguistic_syntax_parsing_0000,1.0,True,short_text
linguistic_register_formality_0024,linguistic,register_formality,easy,llm_generated,llm_linguistic_register_formality_000_1771321920_var_3,surface_variation,linguistic_register_formality_0024,1.0,True,short_text
linguistic_register_formality_0031,linguistic,register_formality,hard,llm_generated,llm_linguistic_register_formality_007_1771321920_var_3,surface_variation,linguistic_register_formality_0031,1.0,True,short_text
linguistic_syntax_parsing_0002,linguistic,syntax_parsing,hard,llm_generated,llm_linguistic_syntax_parsing_002_1771321903_var_1,surface_variation,linguistic_syntax_parsing_0002,1.0,True,short_text
linguistic_syntax_parsing_0005,linguistic,syntax_parsing,adversarial,llm_generated,llm_linguistic_syntax_parsing_005_1771321903_var_4,surface_variation,linguistic_syntax_parsing_0005,1.0,True,short_text
linguistic_syntax_parsing_0005,linguistic,syntax_parsing,adversarial,llm_generated,llm_linguistic_syntax_parsing_005_1771321903_var_2,surface_variation,linguistic_syntax_parsing_0005,1.0,True,short_text
linguistic_register_formality_0030,linguistic,register_formality,hard,llm_generated,llm_linguistic_register_formality_006_1771321920_var_2,surface_variation,linguistic_register_formality_0030,1.0,True,short_text
linguistic_morphology_0015,linguistic,morphology,hard,llm_generated,llm_linguistic_morphology_007_1771321908_var_2,surface_variation,linguistic_morphology_0015,1.0,True,short_text
linguistic_register_formality_0026,linguistic,register_formality,hard,llm_generated,llm_linguistic_register_formality_002_1771321920_var_3,surface_variation,linguistic_register_formality_0026,1.0,True,short_text
linguistic_grammar_correction_0039,linguistic,grammar_correction,hard,llm_generated,llm_linguistic_grammar_correction_007_1771321927_var_4,surface_variation,linguistic_grammar_correction_0039,1.0,True,short_text
linguistic_ambiguity_resolution_0023,linguistic,ambiguity_resolution,hard,llm_generated,llm_linguistic_ambiguity_resolution_007_1771321915_var_1,surface_variation,linguistic_ambiguity_resolution_0023,1.0,True,short_text
linguistic_ambiguity_resolution_0020,linguistic,ambiguity_resolution,hard,llm_generated,llm_linguistic_ambiguity_resolution_004_1771321915_var_2,surface_variation,linguistic_ambiguity_resolution_0020,1.0,True,short_text
linguistic_syntax_parsing_0007,linguistic,syntax_parsing,hard,llm_generated,llm_linguistic_syntax_parsing_007_1771321903_var_3,surface_variation,linguistic_syntax_parsing_0007,1.0,True,short_text
linguistic_register_formality_0025,linguistic,register_formality,hard,llm_generated,llm_linguistic_register_formality_001_1771321920_var_3,surface_variation,linguistic_register_formality_0025,1.0,True,short_text
linguistic_morphology_0013,linguistic,morphology,easy,llm_generated,llm_linguistic_morphology_005_1771321908_var_2,surface_variation,linguistic_morphology_0013,1.0,True,short_text
linguistic_register_formality_0027,linguistic,register_formality,hard,llm_generated,llm_linguistic_register_formality_003_1771321920_var_2,surface_variation,linguistic_register_formality_0027,1.0,True,short_text
linguistic_grammar_correction_0039,linguistic,grammar_correction,hard,llm_generated,llm_linguistic_grammar_correction_007_1771321927_var_2,surface_variation,linguistic_grammar_correction_0039,1.0,True,short_text
linguistic_morphology_0013,linguistic,morphology,easy,llm_generated,llm_linguistic_morphology_005_1771321908_var_3,surface_variation,linguistic_morphology_0013,1.0,True,short_text
linguistic_grammar_correction_0032,linguistic,grammar_correction,hard,llm_generated,llm_linguistic_grammar_correction_000_1771321927_var_3,surface_variation,linguistic_grammar_correction_0032,1.0,True,short_text
linguistic_syntax_parsing_0006,linguistic,syntax_parsing,hard,llm_generated,llm_linguistic_syntax_parsing_006_1771321903_var_2,surface_variation,linguistic_syntax_parsing_0006,1.0,True,short_text
linguistic_syntax_parsing_0004,linguistic,syntax_parsing,hard,llm_generated,llm_linguistic_syntax_parsing_004_1771321903_var_4,surface_variation,linguistic_syntax_parsing_0004,1.0,True,short_text
linguistic_grammar_correction_0036,linguistic,grammar_correction,hard,llm_generated,llm_linguistic_grammar_correction_004_1771321927_var_3,surface_variation,linguistic_grammar_correction_0036,1.0,True,short_text
linguistic_syntax_parsing_0002,linguistic,syntax_parsing,hard,llm_generated,llm_linguistic_syntax_parsing_002_1771321903_var_3,surface_variation,linguistic_syntax_parsing_0002,1.0,True,short_text
linguistic_ambiguity_resolution_0021,linguistic,ambiguity_resolution,hard,llm_generated,llm_linguistic_ambiguity_resolution_005_1771321915_var_3,surface_variation,linguistic_ambiguity_resolution_0021,1.0,True,short_text
linguistic_syntax_parsing_0001,linguistic,syntax_parsing,hard,llm_generated,llm_linguistic_syntax_parsing_001_1771321903_var_1,surface_variation,linguistic_syntax_parsing_0001,1.0,True,short_text
linguistic_register_formality_0024,linguistic,register_formality,easy,llm_generated,llm_linguistic_register_formality_000_1771321920_var_1,surface_variation,linguistic_register_formality_0024,1.0,True,short_text
linguistic_morphology_0008,linguistic,morphology,hard,llm_generated,llm_linguistic_morphology_000_1771321908_var_1,surface_variation,linguistic_morphology_0008,1.0,True,short_text
linguistic_ambiguity_resolution_0020,linguistic,ambiguity_resolution,hard,llm_generated,llm_linguistic_ambiguity_resolution_004_1771321915_var_3,surface_variation,linguistic_ambiguity_resolution_0020,1.0,True,short_text
linguistic_syntax_parsing_0007,linguistic,syntax_parsing,hard,llm_generated,llm_linguistic_syntax_parsing_007_1771321903_var_4,surface_variation,linguistic_syntax_parsing_0007,1.0,True,short_text
linguistic_syntax_parsing_0004,linguistic,syntax_parsing,hard,llm_generated,llm_linguistic_syntax_parsing_004_1771321903_var_1,surface_variation,linguistic_syntax_parsing_0004,1.0,True,short_text
linguistic_register_formality_0027,linguistic,register_formality,hard,llm_generated,llm_linguistic_register_formality_003_1771321920_var_4,surface_variation,linguistic_register_formality_0027,1.0,True,short_text
linguistic_morphology_0013,linguistic,morphology,adversarial,llm_generated,llm_linguistic_morphology_005_1771321908_var_1,surface_variation,linguistic_morphology_0013,1.0,True,short_text
linguistic_register_formality_0031,linguistic,register_formality,hard,llm_generated,llm_linguistic_register_formality_007_1771321920_var_1,surface_variation,linguistic_register_formality_0031,1.0,True,short_text
linguistic_grammar_correction_0037,linguistic,grammar_correction,hard,llm_generated,llm_linguistic_grammar_correction_005_1771321927_var_4,surface_variation,linguistic_grammar_correction_0037,1.0,True,short_text
linguistic_syntax_parsing_0004,linguistic,syntax_parsing,hard,llm_generated,llm_linguistic_syntax_parsing_004_1771321903_var_3,surface_variation,linguistic_syntax_parsing_0004,1.0,True,short_text
linguistic_grammar_correction_0033,linguistic,grammar_correction,hard,llm_generated,llm_linguistic_grammar_correction_001_1771321927_var_1,surface_variation,linguistic_grammar_correction_0033,0.6666666666666666,True,short_text
linguistic_morphology_0013,linguistic,morphology,hard,llm_generated,llm_linguistic_morphology_005_1771321908_var_2,surface_variation,linguistic_morphology_0013,1.0,True,short_text
linguistic_morphology_0012,linguistic,morphology,hard,llm_generated,llm_linguistic_morphology_004_1771321908_var_1,surface_variation,linguistic_morphology_0012,1.0,True,short_text
linguistic_grammar_correction_0033,linguistic,grammar_correction,hard,llm_generated,llm_linguistic_grammar_correction_001_1771321927_var_2,surface_variation,linguistic_grammar_correction_0033,1.0,True,short_text
linguistic_morphology_0013,linguistic,morphology,hard,llm_generated,llm_linguistic_morphology_005_1771321908_var_1,surface_variation,linguistic_morphology_0013,1.0,True,short_text
linguistic_ambiguity_resolution_0021,linguistic,ambiguity_resolution,hard,llm_generated,llm_linguistic_ambiguity_resolution_005_1771321915_var_4,surface_variation,linguistic_ambiguity_resolution_0021,0.6666666666666666,True,short_text
,logical,conditional_reasoning,hard,logiqa,train_7180_var_1,surface_variation,train_7180,0.5,True,multiple_choice
,logical,conditional_reasoning,adversarial,logiqa,train_4608_var_2,surface_variation,train_4608,1.0,True,multiple_choice
,logical,syllogisms,easy,bigbench,formal_fallacies_syllogisms_negation_4464_var_1,surface_variation,formal_fallacies_syllogisms_negation_4464,1.0,True,multiple_choice
,logical,conditional_reasoning,easy,logiqa,train_3736_var_1,surface_variation,train_3736,1.0,True,multiple_choice
,logical,syllogisms,easy,bigbench,formal_fallacies_syllogisms_negation_3403_var_2,surface_variation,formal_fallacies_syllogisms_negation_3403,1.0,True,multiple_choice
,logical,conditional_reasoning,hard,reclor,train_3122_var_3,surface_variation,train_3122,1.0,True,multiple_choice
,logical,conditional_reasoning,easy,logiqa,train_203_var_3,surface_variation,train_203,0.5,True,multiple_choice
,logical,conditional_reasoning,adversarial,logiqa,train_3736_var_4,surface_variation,train_3736,1.0,True,multiple_choice
,logical,syllogisms,adversarial,bigbench,formal_fallacies_syllogisms_negation_69_var_1,surface_variation,formal_fallacies_syllogisms_negation_69,0.6666666666666666,True,multiple_choice
,logical,syllogisms,easy,bigbench,formal_fallacies_syllogisms_negation_7383_var_2,surface_variation,formal_fallacies_syllogisms_negation_7383,1.0,True,multiple_choice
,logical,conditional_reasoning,hard,logiqa,train_4968_var_1,surface_variation,train_4968,0.6666666666666666,True,multiple_choice
,logical,conditional_reasoning,adversarial,logiqa,train_3600_var_1,surface_variation,train_3600,0.6666666666666666,True,multiple_choice
,logical,syllogisms,adversarial,bigbench,formal_fallacies_syllogisms_negation_3803_var_2,surface_variation,formal_fallacies_syllogisms_negation_3803,1.0,True,multiple_choice
,logical,syllogisms,easy,bigbench,formal_fallacies_syllogisms_negation_7383_var_3,surface_variation,formal_fallacies_syllogisms_negation_7383,1.0,True,multiple_choice
,logical,syllogisms,adversarial,bigbench,formal_fallacies_syllogisms_negation_0_var_3,surface_variation,formal_fallacies_syllogisms_negation_0,1.0,True,multiple_choice
,logical,conditional_reasoning,hard,logiqa,train_3468_var_4,surface_variation,train_3468,0.6666666666666666,True,multiple_choice
,logical,conditional_reasoning,hard,logiqa,train_2357_var_1,surface_variation,train_2357,0.6666666666666666,True,multiple_choice
,logical,conditional_reasoning,adversarial,logiqa,train_3736_var_2,surface_variation,train_3736,0.3333333333333333,True,multiple_choice
,logical,syllogisms,adversarial,bigbench,formal_fallacies_syllogisms_negation_11921_var_3,surface_variation,formal_fallacies_syllogisms_negation_11921,1.0,True,multiple_choice
,logical,syllogisms,easy,bigbench,formal_fallacies_syllogisms_negation_6172_var_4,surface_variation,formal_fallacies_syllogisms_negation_6172,1.0,True,multiple_choice
,logical,conditional_reasoning,hard,logiqa,train_4691_var_1,surface_variation,train_4691,1.0,True,multiple_choice
,logical,syllogisms,adversarial,bigbench,formal_fallacies_syllogisms_negation_477_var_4,surface_variation,formal_fallacies_syllogisms_negation_477,1.0,True,multiple_choice
,logical,syllogisms,adversarial,bigbench,formal_fallacies_syllogisms_negation_6945_var_1,surface_variation,formal_fallacies_syllogisms_negation_6945,1.0,True,multiple_choice
,logical,syllogisms,hard,bigbench,formal_fallacies_syllogisms_negation_13311_var_2,surface_variation,formal_fallacies_syllogisms_negation_13311,1.0,True,multiple_choice
,logical,syllogisms,medium,bigbench,formal_fallacies_syllogisms_negation_256_var_3,surface_variation,formal_fallacies_syllogisms_negation_256,1.0,True,multiple_choice
,logical,conditional_reasoning,hard,logiqa,train_151_var_3,surface_variation,train_151,0.6666666666666666,True,multiple_choice
,logical,syllogisms,easy,bigbench,formal_fallacies_syllogisms_negation_7383_var_2,surface_variation,formal_fallacies_syllogisms_negation_7383,1.0,True,multiple_choice
,logical,conditional_reasoning,adversarial,reclor,train_3122_var_1,surface_variation,train_3122,1.0,True,multiple_choice
,logical,syllogisms,adversarial,bigbench,formal_fallacies_syllogisms_negation_3803_var_4,surface_variation,formal_fallacies_syllogisms_negation_3803,0.6666666666666666,True,multiple_choice
,logical,syllogisms,easy,bigbench,formal_fallacies_syllogisms_negation_13311_var_2,surface_variation,formal_fallacies_syllogisms_negation_13311,1.0,True,multiple_choice
,logical,syllogisms,adversarial,bigbench,formal_fallacies_syllogisms_negation_3403_var_1,surface_variation,formal_fallacies_syllogisms_negation_3403,0.0,True,multiple_choice
,logical,syllogisms,adversarial,bigbench,formal_fallacies_syllogisms_negation_5441_var_2,surface_variation,formal_fallacies_syllogisms_negation_5441,0.0,True,multiple_choice
,logical,syllogisms,hard,bigbench,formal_fallacies_syllogisms_negation_13884_var_2,surface_variation,formal_fallacies_syllogisms_negation_13884,0.0,True,multiple_choice
,logical,syllogisms,easy,bigbench,formal_fallacies_syllogisms_negation_6172_var_1,surface_variation,formal_fallacies_syllogisms_negation_6172,0.0,True,multiple_choice
,logical,conditional_reasoning,adversarial,logiqa,train_3736_var_1,surface_variation,train_3736,0.0,True,multiple_choice
,logical,conditional_reasoning,easy,logiqa,train_3736_var_2,surface_variation,train_3736,0.0,True,multiple_choice
,logical,conditional_reasoning,hard,reclor,train_1143_var_4,surface_variation,train_1143,0.0,True,multiple_choice
,logical,syllogisms,hard,bigbench,formal_fallacies_syllogisms_negation_0_var_1,surface_variation,formal_fallacies_syllogisms_negation_0,0.0,True,multiple_choice
,logical,syllogisms,easy,bigbench,formal_fallacies_syllogisms_negation_13884_var_3,surface_variation,formal_fallacies_syllogisms_negation_13884,0.0,True,multiple_choice
,logical,syllogisms,easy,bigbench,formal_fallacies_syllogisms_negation_3403_var_3,surface_variation,formal_fallacies_syllogisms_negation_3403,0.0,True,multiple_choice
,logical,conditional_reasoning,adversarial,logiqa,train_4691_var_2,surface_variation,train_4691,0.0,True,multiple_choice
,logical,syllogisms,easy,bigbench,formal_fallacies_syllogisms_negation_6172_var_1,surface_variation,formal_fallacies_syllogisms_negation_6172,1.0,True,multiple_choice
,logical,conditional_reasoning,adversarial,reclor,train_805_var_3,surface_variation,train_805,1.0,True,multiple_choice
,logical,conditional_reasoning,hard,logiqa,train_151_var_4,surface_variation,train_151,0.6666666666666666,True,multiple_choice
,logical,conditional_reasoning,easy,logiqa,train_203_var_3,surface_variation,train_203,0.5,True,multiple_choice
,logical,conditional_reasoning,hard,logiqa,train_151_var_1,surface_variation,train_151,1.0,True,multiple_choice
,logical,syllogisms,adversarial,bigbench,formal_fallacies_syllogisms_negation_6945_var_4,surface_variation,formal_fallacies_syllogisms_negation_6945,1.0,True,multiple_choice
,logical,syllogisms,easy,bigbench,formal_fallacies_syllogisms_negation_10619_var_2,surface_variation,formal_fallacies_syllogisms_negation_10619,1.0,True,multiple_choice
,logical,conditional_reasoning,adversarial,logiqa,train_4608_var_4,surface_variation,train_4608,1.0,True,multiple_choice
,logical,conditional_reasoning,hard,logiqa,train_2357_var_3,surface_variation,train_2357,1.0,True,multiple_choice
procedural_protocol_compliance_0018,procedural,protocol_compliance,hard,llm_generated,llm_procedural_protocol_compliance_002_1771321950_var_3,surface_variation,procedural_protocol_compliance_0018,0.6666666666666666,True,short_text
procedural_protocol_compliance_0023,procedural,protocol_compliance,hard,llm_generated,llm_procedural_protocol_compliance_007_1771321950_var_2,surface_variation,procedural_protocol_compliance_0023,1.0,True,short_text
procedural_error_recovery_0038,procedural,error_recovery,hard,llm_generated,llm_procedural_error_recovery_006_1771321967_var_3,surface_variation,procedural_error_recovery_0038,0.6666666666666666,True,short_text
procedural_multistep_planning_0030,procedural,multistep_planning,hard,llm_generated,llm_procedural_multistep_planning_006_1771321960_var_1,surface_variation,procedural_multistep_planning_0030,0.6666666666666666,True,short_text
procedural_recipe_following_0014,procedural,recipe_following,hard,llm_generated,llm_procedural_recipe_following_006_1771321943_var_1,surface_variation,procedural_recipe_following_0014,0.6666666666666666,True,short_text
procedural_multistep_planning_0027,procedural,multistep_planning,hard,llm_generated,llm_procedural_multistep_planning_003_1771321960_var_3,surface_variation,procedural_multistep_planning_0027,1.0,True,short_text
procedural_recipe_following_0015,procedural,recipe_following,hard,llm_generated,llm_procedural_recipe_following_007_1771321943_var_2,surface_variation,procedural_recipe_following_0015,0.6666666666666666,True,short_text
procedural_recipe_following_0013,procedural,recipe_following,hard,llm_generated,llm_procedural_recipe_following_005_1771321943_var_2,surface_variation,procedural_recipe_following_0013,0.6666666666666666,True,short_text
procedural_protocol_compliance_0017,procedural,protocol_compliance,hard,llm_generated,llm_procedural_protocol_compliance_001_1771321950_var_3,surface_variation,procedural_protocol_compliance_0017,0.6666666666666666,True,short_text
procedural_recipe_following_0012,procedural,recipe_following,hard,llm_generated,llm_procedural_recipe_following_004_1771321943_var_4,surface_variation,procedural_recipe_following_0012,0.6666666666666666,True,short_text
procedural_algorithm_execution_0001,procedural,algorithm_execution,easy,llm_generated,llm_procedural_algorithm_execution_001_1771321935_var_4,surface_variation,procedural_algorithm_execution_0001,1.0,True,short_text
procedural_recipe_following_0014,procedural,recipe_following,hard,llm_generated,llm_procedural_recipe_following_006_1771321943_var_3,surface_variation,procedural_recipe_following_0014,1.0,True,short_text
procedural_algorithm_execution_0007,procedural,algorithm_execution,adversarial,llm_generated,llm_procedural_algorithm_execution_007_1771321935_var_1,surface_variation,procedural_algorithm_execution_0007,1.0,True,short_text
procedural_recipe_following_0015,procedural,recipe_following,hard,llm_generated,llm_procedural_recipe_following_007_1771321943_var_4,surface_variation,procedural_recipe_following_0015,0.6666666666666666,True,short_text
procedural_algorithm_execution_0007,procedural,algorithm_execution,adversarial,llm_generated,llm_procedural_algorithm_execution_007_1771321935_var_2,surface_variation,procedural_algorithm_execution_0007,1.0,True,short_text
procedural_algorithm_execution_0002,procedural,algorithm_execution,hard,llm_generated,llm_procedural_algorithm_execution_002_1771321935_var_4,surface_variation,procedural_algorithm_execution_0002,0.3333333333333333,True,short_text
procedural_error_recovery_0037,procedural,error_recovery,hard,llm_generated,llm_procedural_error_recovery_005_1771321967_var_3,surface_variation,procedural_error_recovery_0037,0.6666666666666666,True,short_text
procedural_algorithm_execution_0006,procedural,algorithm_execution,adversarial,llm_generated,llm_procedural_algorithm_execution_006_1771321935_var_4,surface_variation,procedural_algorithm_execution_0006,0.6666666666666666,True,short_text
procedural_algorithm_execution_0001,procedural,algorithm_execution,hard,llm_generated,llm_procedural_algorithm_execution_001_1771321935_var_4,surface_variation,procedural_algorithm_execution_0001,0.6666666666666666,True,short_text
procedural_recipe_following_0011,procedural,recipe_following,hard,llm_generated,llm_procedural_recipe_following_003_1771321943_var_4,surface_variation,procedural_recipe_following_0011,0.6666666666666666,True,short_text
procedural_algorithm_execution_0003,procedural,algorithm_execution,hard,llm_generated,llm_procedural_algorithm_execution_003_1771321935_var_2,surface_variation,procedural_algorithm_execution_0003,0.5,True,short_text
procedural_multistep_planning_0025,procedural,multistep_planning,hard,llm_generated,llm_procedural_multistep_planning_001_1771321960_var_1,surface_variation,procedural_multistep_planning_0025,1.0,True,short_text
procedural_recipe_following_0010,procedural,recipe_following,hard,llm_generated,llm_procedural_recipe_following_002_1771321943_var_2,surface_variation,procedural_recipe_following_0010,1.0,True,short_text
procedural_algorithm_execution_0001,procedural,algorithm_execution,hard,llm_generated,llm_procedural_algorithm_execution_001_1771321935_var_3,surface_variation,procedural_algorithm_execution_0001,0.6666666666666666,True,short_text
procedural_algorithm_execution_0003,procedural,algorithm_execution,hard,llm_generated,llm_procedural_algorithm_execution_003_1771321935_var_4,surface_variation,procedural_algorithm_execution_0003,0.5,True,short_text
procedural_error_recovery_0038,procedural,error_recovery,hard,llm_generated,llm_procedural_error_recovery_006_1771321967_var_4,surface_variation,procedural_error_recovery_0038,1.0,True,short_text
procedural_multistep_planning_0024,procedural,multistep_planning,hard,llm_generated,llm_procedural_multistep_planning_000_1771321960_var_4,surface_variation,procedural_multistep_planning_0024,1.0,True,short_text
procedural_multistep_planning_0025,procedural,multistep_planning,hard,llm_generated,llm_procedural_multistep_planning_001_1771321960_var_1,surface_variation,procedural_multistep_planning_0025,1.0,True,short_text
procedural_protocol_compliance_0016,procedural,protocol_compliance,hard,llm_generated,llm_procedural_protocol_compliance_000_1771321950_var_3,surface_variation,procedural_protocol_compliance_0016,1.0,True,short_text
procedural_protocol_compliance_0023,procedural,protocol_compliance,hard,llm_generated,llm_procedural_protocol_compliance_007_1771321950_var_4,surface_variation,procedural_protocol_compliance_0023,1.0,True,short_text
procedural_recipe_following_0013,procedural,recipe_following,hard,llm_generated,llm_procedural_recipe_following_005_1771321943_var_3,surface_variation,procedural_recipe_following_0013,0.6666666666666666,True,short_text
procedural_recipe_following_0011,procedural,recipe_following,hard,llm_generated,llm_procedural_recipe_following_003_1771321943_var_3,surface_variation,procedural_recipe_following_0011,1.0,True,short_text
procedural_error_recovery_0033,procedural,error_recovery,hard,llm_generated,llm_procedural_error_recovery_001_1771321967_var_3,surface_variation,procedural_error_recovery_0033,0.6666666666666666,True,short_text
procedural_recipe_following_0008,procedural,recipe_following,hard,llm_generated,llm_procedural_recipe_following_000_1771321943_var_2,surface_variation,procedural_recipe_following_0008,0.6666666666666666,True,short_text
procedural_algorithm_execution_0004,procedural,algorithm_execution,adversarial,llm_generated,llm_procedural_algorithm_execution_004_1771321935_var_2,surface_variation,procedural_algorithm_execution_0004,0.6666666666666666,True,short_text
procedural_multistep_planning_0025,procedural,multistep_planning,hard,llm_generated,llm_procedural_multistep_planning_001_1771321960_var_3,surface_variation,procedural_multistep_planning_0025,1.0,True,short_text
procedural_error_recovery_0038,procedural,error_recovery,hard,llm_generated,llm_procedural_error_recovery_006_1771321967_var_2,surface_variation,procedural_error_recovery_0038,1.0,True,short_text
procedural_error_recovery_0032,procedural,error_recovery,hard,llm_generated,llm_procedural_error_recovery_000_1771321967_var_4,surface_variation,procedural_error_recovery_0032,1.0,True,short_text
procedural_algorithm_execution_0003,procedural,algorithm_execution,hard,llm_generated,llm_procedural_algorithm_execution_003_1771321935_var_1,surface_variation,procedural_algorithm_execution_0003,0.5,True,short_text
procedural_algorithm_execution_0001,procedural,algorithm_execution,easy,llm_generated,llm_procedural_algorithm_execution_001_1771321935_var_3,surface_variation,procedural_algorithm_execution_0001,1.0,True,short_text
procedural_multistep_planning_0027,procedural,multistep_planning,hard,llm_generated,llm_procedural_multistep_planning_003_1771321960_var_4,surface_variation,procedural_multistep_planning_0027,1.0,True,short_text
procedural_multistep_planning_0031,procedural,multistep_planning,hard,llm_generated,llm_procedural_multistep_planning_007_1771321960_var_4,surface_variation,procedural_multistep_planning_0031,0.6666666666666666,True,short_text
procedural_multistep_planning_0026,procedural,multistep_planning,hard,llm_generated,llm_procedural_multistep_planning_002_1771321960_var_1,surface_variation,procedural_multistep_planning_0026,0.6666666666666666,True,short_text
procedural_protocol_compliance_0019,procedural,protocol_compliance,hard,llm_generated,llm_procedural_protocol_compliance_003_1771321950_var_1,surface_variation,procedural_protocol_compliance_0019,1.0,True,short_text
procedural_algorithm_execution_0004,procedural,algorithm_execution,hard,llm_generated,llm_procedural_algorithm_execution_004_1771321935_var_2,surface_variation,procedural_algorithm_execution_0004,0.6666666666666666,True,short_text
procedural_error_recovery_0039,procedural,error_recovery,hard,llm_generated,llm_procedural_error_recovery_007_1771321967_var_1,surface_variation,procedural_error_recovery_0039,0.6666666666666666,True,short_text
procedural_protocol_compliance_0018,procedural,protocol_compliance,hard,llm_generated,llm_procedural_protocol_compliance_002_1771321950_var_1,surface_variation,procedural_protocol_compliance_0018,0.6666666666666666,True,short_text
procedural_protocol_compliance_0022,procedural,protocol_compliance,hard,llm_generated,llm_procedural_protocol_compliance_006_1771321950_var_1,surface_variation,procedural_protocol_compliance_0022,0.6666666666666666,True,short_text
procedural_protocol_compliance_0017,procedural,protocol_compliance,hard,llm_generated,llm_procedural_protocol_compliance_001_1771321950_var_3,surface_variation,procedural_protocol_compliance_0017,0.6666666666666666,True,short_text
procedural_recipe_following_0011,procedural,recipe_following,hard,llm_generated,llm_procedural_recipe_following_003_1771321943_var_4,surface_variation,procedural_recipe_following_0011,0.6666666666666666,True,short_text
,social,pragmatic_inference,hard,social_iqa,train_25719_var_17,surface_variation,train_25719,1.0,True,multiple_choice
,social,pragmatic_inference,hard,social_iqa,train_3018_var_1,surface_variation,train_3018,0.6666666666666666,True,multiple_choice
,social,pragmatic_inference,hard,social_iqa,train_3018_var_11,surface_variation,train_3018,0.6666666666666666,True,multiple_choice
,social,pragmatic_inference,easy,social_iqa,validation_1017_var_6,surface_variation,validation_1017,0.6666666666666666,True,multiple_choice
,social,pragmatic_inference,hard,social_iqa,train_3018_var_16,surface_variation,train_3018,0.6666666666666666,True,multiple_choice
,social,pragmatic_inference,easy,social_iqa,train_3361_var_13,surface_variation,train_3361,0.6666666666666666,True,multiple_choice
,social,pragmatic_inference,hard,social_iqa,train_3018_var_17,surface_variation,train_3018,0.6666666666666666,True,multiple_choice
,social,pragmatic_inference,hard,social_iqa,train_13986_var_9,surface_variation,train_13986,1.0,True,multiple_choice
,social,pragmatic_inference,hard,social_iqa,train_3018_var_2,surface_variation,train_3018,0.6666666666666666,True,multiple_choice
,social,pragmatic_inference,hard,social_iqa,train_32540_var_18,surface_variation,train_32540,1.0,True,multiple_choice
,social,pragmatic_inference,easy,social_iqa,train_3361_var_8,surface_variation,train_3361,0.6666666666666666,True,multiple_choice
,social,pragmatic_inference,hard,social_iqa,train_13986_var_13,surface_variation,train_13986,1.0,True,multiple_choice
,social,pragmatic_inference,hard,social_iqa,validation_1017_var_19,surface_variation,validation_1017,0.6666666666666666,True,multiple_choice
,social,pragmatic_inference,hard,social_iqa,train_25719_var_5,surface_variation,train_25719,1.0,True,multiple_choice
,social,pragmatic_inference,hard,social_iqa,train_25719_var_3,surface_variation,train_25719,1.0,True,multiple_choice
,social,pragmatic_inference,easy,social_iqa,train_3361_var_19,surface_variation,train_3361,0.6666666666666666,True,multiple_choice
,social,pragmatic_inference,hard,social_iqa,validation_1017_var_14,surface_variation,validation_1017,1.0,True,multiple_choice
,social,pragmatic_inference,hard,social_iqa,train_32540_var_12,surface_variation,train_32540,1.0,True,multiple_choice
,social,pragmatic_inference,hard,social_iqa,train_13986_var_7,surface_variation,train_13986,1.0,True,multiple_choice
,social,pragmatic_inference,hard,social_iqa,validation_1017_var_9,surface_variation,validation_1017,1.0,True,multiple_choice
,social,pragmatic_inference,hard,social_iqa,validation_1017_var_11,surface_variation,validation_1017,0.6666666666666666,True,multiple_choice
,social,pragmatic_inference,hard,social_iqa,validation_1017_var_10,surface_variation,validation_1017,1.0,True,multiple_choice
,social,pragmatic_inference,easy,social_iqa,train_24463_var_4,surface_variation,train_24463,1.0,True,multiple_choice
,social,pragmatic_inference,hard,social_iqa,train_25719_var_19,surface_variation,train_25719,1.0,True,multiple_choice
,social,pragmatic_inference,hard,social_iqa,train_3361_var_8,surface_variation,train_3361,1.0,True,multiple_choice
,social,pragmatic_inference,easy,social_iqa,train_24463_var_3,surface_variation,train_24463,1.0,True,multiple_choice
,social,pragmatic_inference,hard,social_iqa,train_25719_var_14,surface_variation,train_25719,1.0,True,multiple_choice
,social,pragmatic_inference,hard,social_iqa,train_32540_var_16,surface_variation,train_32540,1.0,True,multiple_choice
,social,pragmatic_inference,hard,social_iqa,validation_1017_var_11,surface_variation,validation_1017,1.0,True,multiple_choice
,social,pragmatic_inference,hard,social_iqa,train_32540_var_19,surface_variation,train_32540,1.0,True,multiple_choice
,social,pragmatic_inference,hard,social_iqa,train_3361_var_16,surface_variation,train_3361,1.0,True,multiple_choice
,social,pragmatic_inference,hard,social_iqa,train_25719_var_2,surface_variation,train_25719,1.0,True,multiple_choice
,social,pragmatic_inference,hard,social_iqa,train_25719_var_14,surface_variation,train_25719,1.0,True,multiple_choice
,social,pragmatic_inference,easy,social_iqa,train_3361_var_5,surface_variation,train_3361,1.0,True,multiple_choice
,social,pragmatic_inference,adversarial,social_iqa,train_24463_var_19,surface_variation,train_24463,0.6666666666666666,True,multiple_choice
,social,pragmatic_inference,easy,social_iqa,train_3361_var_11,surface_variation,train_3361,0.6666666666666666,True,multiple_choice
,social,pragmatic_inference,hard,social_iqa,train_25719_var_16,surface_variation,train_25719,0.6666666666666666,True,multiple_choice
,social,pragmatic_inference,hard,social_iqa,validation_1017_var_18,surface_variation,validation_1017,1.0,True,multiple_choice
,social,pragmatic_inference,easy,social_iqa,train_3361_var_12,surface_variation,train_3361,0.6666666666666666,True,multiple_choice
,social,pragmatic_inference,hard,social_iqa,validation_1017_var_7,surface_variation,validation_1017,0.6666666666666666,True,multiple_choice
,social,pragmatic_inference,hard,social_iqa,train_13986_var_5,surface_variation,train_13986,1.0,True,multiple_choice
,social,pragmatic_inference,hard,social_iqa,train_3361_var_4,surface_variation,train_3361,0.6666666666666666,True,multiple_choice
,social,pragmatic_inference,hard,social_iqa,train_3018_var_10,surface_variation,train_3018,0.6666666666666666,True,multiple_choice
,social,pragmatic_inference,hard,social_iqa,train_25719_var_13,surface_variation,train_25719,1.0,True,multiple_choice
,social,pragmatic_inference,hard,social_iqa,validation_1017_var_16,surface_variation,validation_1017,0.6666666666666666,True,multiple_choice
,social,pragmatic_inference,hard,social_iqa,validation_1017_var_6,surface_variation,validation_1017,0.6666666666666666,True,multiple_choice
,social,pragmatic_inference,hard,social_iqa,train_3018_var_7,surface_variation,train_3018,0.6666666666666666,True,multiple_choice
,social,pragmatic_inference,hard,social_iqa,train_32540_var_14,surface_variation,train_32540,1.0,True,multiple_choice
,social,pragmatic_inference,hard,social_iqa,train_25719_var_5,surface_variation,train_25719,1.0,True,multiple_choice
,social,pragmatic_inference,hard,social_iqa,train_25719_var_16,surface_variation,train_25719,1.0,True,multiple_choice
,spatial,2d_geometry,hard,math_dataset,train_6606_var_1,surface_variation,train_6606,0.0,True,short_text
,spatial,relative_positioning,hard,bigbench,navigate_179_var_3,surface_variation,navigate_179,0.6666666666666666,True,multiple_choice
,spatial,relative_positioning,easy,bigbench,navigate_754_var_4,surface_variation,navigate_754,0.5,True,multiple_choice
,spatial,relative_positioning,easy,bigbench,navigate_652_var_2,surface_variation,navigate_652,1.0,True,multiple_choice
,spatial,relative_positioning,hard,bigbench,navigate_681_var_1,surface_variation,navigate_681,1.0,True,multiple_choice
,spatial,2d_geometry,hard,math_dataset,train_286_var_1,surface_variation,train_286,0.0,True,short_text
,spatial,2d_geometry,hard,math_dataset,train_8685_var_3,surface_variation,train_8685,0.0,True,short_text
,spatial,relative_positioning,easy,bigbench,navigate_298_var_3,surface_variation,navigate_298,0.6666666666666666,True,multiple_choice
,spatial,2d_geometry,hard,math_dataset,train_6606_var_4,surface_variation,train_6606,0.5,True,short_text
,spatial,relative_positioning,hard,bigbench,navigate_940_var_2,surface_variation,navigate_940,0.6666666666666666,True,multiple_choice
,spatial,relative_positioning,easy,bigbench,navigate_622_var_4,surface_variation,navigate_622,1.0,True,multiple_choice
,spatial,relative_positioning,medium,bigbench,navigate_119_var_1,surface_variation,navigate_119,1.0,True,multiple_choice
,spatial,relative_positioning,easy,bigbench,navigate_715_var_1,surface_variation,navigate_715,1.0,True,multiple_choice
,spatial,2d_geometry,hard,math_dataset,train_7391_var_3,surface_variation,train_7391,0.5,True,short_text
,spatial,relative_positioning,adversarial,bigbench,navigate_298_var_1,surface_variation,navigate_298,1.0,True,multiple_choice
,spatial,2d_geometry,hard,math_dataset,train_6606_var_3,surface_variation,train_6606,0.6666666666666666,True,short_text
,spatial,2d_geometry,hard,math_dataset,train_5696_var_4,surface_variation,train_5696,0.6666666666666666,True,short_text
,spatial,relative_positioning,hard,bigbench,navigate_754_var_2,surface_variation,navigate_754,0.5,True,multiple_choice
,spatial,2d_geometry,hard,math_dataset,train_4542_var_4,surface_variation,train_4542,0.3333333333333333,True,short_text
,spatial,2d_geometry,hard,math_dataset,train_5696_var_2,surface_variation,train_5696,0.5,True,short_text
,spatial,relative_positioning,hard,bigbench,navigate_578_var_4,surface_variation,navigate_578,0.6666666666666666,True,multiple_choice
,spatial,relative_positioning,easy,bigbench,navigate_119_var_2,surface_variation,navigate_119,1.0,True,multiple_choice
,spatial,relative_positioning,easy,bigbench,navigate_655_var_4,surface_variation,navigate_655,1.0,True,multiple_choice
,spatial,2d_geometry,hard,math_dataset,train_6606_var_2,surface_variation,train_6606,1.0,True,short_text
,spatial,relative_positioning,easy,bigbench,navigate_754_var_1,surface_variation,navigate_754,0.5,True,multiple_choice
,spatial,2d_geometry,hard,math_dataset,train_7391_var_2,surface_variation,train_7391,0.0,True,short_text
,spatial,relative_positioning,hard,bigbench,navigate_822_var_3,surface_variation,navigate_822,0.5,True,multiple_choice
,spatial,relative_positioning,hard,bigbench,navigate_622_var_2,surface_variation,navigate_622,1.0,True,multiple_choice
,spatial,relative_positioning,adversarial,bigbench,navigate_119_var_4,surface_variation,navigate_119,1.0,True,multiple_choice
,spatial,relative_positioning,easy,bigbench,navigate_822_var_1,surface_variation,navigate_822,1.0,True,multiple_choice
,spatial,2d_geometry,easy,bigbench,geometric_shapes_0_var_2,surface_variation,geometric_shapes_0,1.0,True,multiple_choice
,spatial,2d_geometry,hard,math_dataset,train_8685_var_1,surface_variation,train_8685,0.5,True,short_text
,spatial,2d_geometry,hard,math_dataset,train_5696_var_3,surface_variation,train_5696,0.0,True,short_text
,spatial,2d_geometry,hard,math_dataset,train_4542_var_1,surface_variation,train_4542,0.0,True,short_text
,spatial,relative_positioning,hard,bigbench,navigate_298_var_4,surface_variation,navigate_298,0.5,True,multiple_choice
,spatial,relative_positioning,easy,bigbench,navigate_27_var_2,surface_variation,navigate_27,1.0,True,multiple_choice
,spatial,relative_positioning,hard,bigbench,navigate_0_var_2,surface_variation,navigate_0,1.0,True,multiple_choice
,spatial,2d_geometry,adversarial,bigbench,geometric_shapes_0_var_1,surface_variation,geometric_shapes_0,0.6666666666666666,True,multiple_choice
,spatial,relative_positioning,hard,bigbench,navigate_622_var_3,surface_variation,navigate_622,1.0,True,multiple_choice
,spatial,2d_geometry,hard,math_dataset,train_7391_var_4,surface_variation,train_7391,0.0,True,short_text
,spatial,2d_geometry,hard,math_dataset,train_8685_var_2,surface_variation,train_8685,0.0,True,short_text
,spatial,2d_geometry,hard,math_dataset,train_1787_var_2,surface_variation,train_1787,0.0,True,short_text
,spatial,relative_positioning,easy,bigbench,navigate_622_var_1,surface_variation,navigate_622,1.0,True,multiple_choice
,spatial,relative_positioning,hard,bigbench,navigate_0_var_4,surface_variation,navigate_0,0.6666666666666666,True,multiple_choice
,spatial,relative_positioning,easy,bigbench,navigate_754_var_3,surface_variation,navigate_754,1.0,True,multiple_choice
,spatial,relative_positioning,easy,bigbench,navigate_713_var_3,surface_variation,navigate_713,0.6666666666666666,True,multiple_choice
,spatial,relative_positioning,easy,bigbench,navigate_785_var_2,surface_variation,navigate_785,0.6666666666666666,True,multiple_choice
,spatial,relative_positioning,hard,bigbench,navigate_823_var_2,surface_variation,navigate_823,0.6666666666666666,True,multiple_choice
,spatial,relative_positioning,medium,bigbench,navigate_298_var_2,surface_variation,navigate_298,1.0,True,multiple_choice
,spatial,relative_positioning,hard,bigbench,navigate_179_var_2,surface_variation,navigate_179,1.0,True,multiple_choice
,temporal,ordering_events,hard,bigbench,temporal_sequences_992_var_4,surface_variation,temporal_sequences_992,1.0,True,multiple_choice
,temporal,ordering_events,hard,bigbench,temporal_sequences_659_var_3,surface_variation,temporal_sequences_659,1.0,True,multiple_choice
,temporal,ordering_events,adversarial,bigbench,date_understanding_52_var_1,surface_variation,date_understanding_52,1.0,True,multiple_choice
,temporal,ordering_events,hard,bigbench,date_understanding_308_var_4,surface_variation,date_understanding_308,0.6666666666666666,True,multiple_choice
,temporal,ordering_events,adversarial,bigbench,temporal_sequences_992_var_4,surface_variation,temporal_sequences_992,1.0,True,multiple_choice
,temporal,ordering_events,hard,bigbench,date_understanding_308_var_1,surface_variation,date_understanding_308,1.0,True,multiple_choice
,temporal,ordering_events,adversarial,bigbench,temporal_sequences_716_var_4,surface_variation,temporal_sequences_716,1.0,True,multiple_choice
,temporal,ordering_events,hard,bigbench,date_understanding_141_var_1,surface_variation,date_understanding_141,1.0,True,multiple_choice
,temporal,ordering_events,easy,bigbench,date_understanding_319_var_4,surface_variation,date_understanding_319,0.6666666666666666,True,multiple_choice
,temporal,ordering_events,hard,bigbench,date_understanding_134_var_2,surface_variation,date_understanding_134,1.0,True,multiple_choice
,temporal,ordering_events,hard,bigbench,date_understanding_92_var_3,surface_variation,date_understanding_92,1.0,True,multiple_choice
,temporal,ordering_events,hard,bigbench,date_understanding_134_var_2,surface_variation,date_understanding_134,1.0,True,multiple_choice
,temporal,ordering_events,adversarial,bigbench,date_understanding_358_var_4,surface_variation,date_understanding_358,1.0,True,multiple_choice
,temporal,ordering_events,hard,bigbench,temporal_sequences_879_var_3,surface_variation,temporal_sequences_879,1.0,True,multiple_choice
,temporal,ordering_events,adversarial,bigbench,temporal_sequences_586_var_4,surface_variation,temporal_sequences_586,1.0,True,multiple_choice
,temporal,ordering_events,hard,bigbench,temporal_sequences_206_var_3,surface_variation,temporal_sequences_206,1.0,True,multiple_choice
,temporal,ordering_events,easy,bigbench,temporal_sequences_879_var_4,surface_variation,temporal_sequences_879,1.0,True,multiple_choice
,temporal,ordering_events,hard,bigbench,temporal_sequences_206_var_4,surface_variation,temporal_sequences_206,1.0,True,multiple_choice
,temporal,ordering_events,hard,bigbench,temporal_sequences_682_var_4,surface_variation,temporal_sequences_682,1.0,True,multiple_choice
,temporal,ordering_events,easy,bigbench,date_understanding_319_var_1,surface_variation,date_understanding_319,1.0,True,multiple_choice
,temporal,ordering_events,adversarial,bigbench,date_understanding_315_var_3,surface_variation,date_understanding_315,1.0,True,multiple_choice
,temporal,ordering_events,hard,bigbench,temporal_sequences_158_var_4,surface_variation,temporal_sequences_158,1.0,True,multiple_choice
,temporal,ordering_events,easy,bigbench,date_understanding_0_var_1,surface_variation,date_understanding_0,1.0,True,multiple_choice
,temporal,ordering_events,easy,bigbench,temporal_sequences_360_var_1,surface_variation,temporal_sequences_360,1.0,True,multiple_choice
,temporal,ordering_events,easy,bigbench,date_understanding_163_var_3,surface_variation,date_understanding_163,1.0,True,multiple_choice
,temporal,ordering_events,hard,bigbench,date_understanding_134_var_1,surface_variation,date_understanding_134,1.0,True,multiple_choice
,temporal,ordering_events,adversarial,bigbench,temporal_sequences_386_var_2,surface_variation,temporal_sequences_386,1.0,True,multiple_choice
,temporal,ordering_events,easy,bigbench,temporal_sequences_6_var_4,surface_variation,temporal_sequences_6,0.6666666666666666,True,multiple_choice
,temporal,ordering_events,hard,bigbench,date_understanding_358_var_1,surface_variation,date_understanding_358,0.6666666666666666,True,multiple_choice
,temporal,ordering_events,hard,bigbench,date_understanding_134_var_4,surface_variation,date_understanding_134,1.0,True,multiple_choice
,temporal,ordering_events,adversarial,bigbench,date_understanding_237_var_3,surface_variation,date_understanding_237,1.0,True,multiple_choice
,temporal,ordering_events,hard,bigbench,temporal_sequences_586_var_3,surface_variation,temporal_sequences_586,1.0,True,multiple_choice
,temporal,ordering_events,hard,bigbench,date_understanding_358_var_2,surface_variation,date_understanding_358,1.0,True,multiple_choice
,temporal,ordering_events,hard,bigbench,date_understanding_92_var_4,surface_variation,date_understanding_92,1.0,True,multiple_choice
,temporal,ordering_events,hard,bigbench,date_understanding_141_var_4,surface_variation,date_understanding_141,1.0,True,multiple_choice
,temporal,ordering_events,hard,bigbench,temporal_sequences_377_var_3,surface_variation,temporal_sequences_377,0.6666666666666666,True,multiple_choice
,temporal,ordering_events,adversarial,bigbench,temporal_sequences_158_var_2,surface_variation,temporal_sequences_158,1.0,True,multiple_choice
,temporal,ordering_events,hard,bigbench,date_understanding_287_var_1,surface_variation,date_understanding_287,1.0,True,multiple_choice
,temporal,ordering_events,easy,bigbench,temporal_sequences_46_var_3,surface_variation,temporal_sequences_46,1.0,True,multiple_choice
,temporal,ordering_events,easy,bigbench,temporal_sequences_564_var_4,surface_variation,temporal_sequences_564,1.0,True,multiple_choice
,temporal,ordering_events,hard,bigbench,date_understanding_327_var_1,surface_variation,date_understanding_327,0.6666666666666666,True,multiple_choice
,temporal,ordering_events,easy,bigbench,temporal_sequences_207_var_3,surface_variation,temporal_sequences_207,1.0,True,multiple_choice
,temporal,ordering_events,easy,bigbench,date_understanding_315_var_4,surface_variation,date_understanding_315,1.0,True,multiple_choice
,temporal,ordering_events,easy,bigbench,date_understanding_315_var_1,surface_variation,date_understanding_315,1.0,True,multiple_choice
,temporal,ordering_events,hard,bigbench,temporal_sequences_132_var_3,surface_variation,temporal_sequences_132,1.0,True,multiple_choice
,temporal,ordering_events,hard,bigbench,date_understanding_308_var_3,surface_variation,date_understanding_308,1.0,True,multiple_choice
,temporal,ordering_events,hard,bigbench,temporal_sequences_360_var_3,surface_variation,temporal_sequences_360,0.6666666666666666,True,multiple_choice
,temporal,ordering_events,hard,bigbench,temporal_sequences_132_var_2,surface_variation,temporal_sequences_132,1.0,True,multiple_choice
,temporal,ordering_events,easy,bigbench,temporal_sequences_386_var_3,surface_variation,temporal_sequences_386,0.6666666666666666,True,multiple_choice
,temporal,ordering_events,adversarial,bigbench,date_understanding_308_var_4,surface_variation,date_understanding_308,1.0,True,multiple_choice
