item_id,task_id,domain_pair,domain_a,domain_b,subcategory_a,subcategory_b,difficulty_a,difficulty_b,task_text,part1_text,part2_text,decision_options,decision_a,answer_a,decision_b,answer_b,participant_confidence,notes
HB_EXP9_0001,fixed_fac_ari_028_04,arithmetic+factual,factual,arithmetic,geography,percentages_ratios,easy,medium,A biology teacher combines taxonomy and maths.,How many chambers does the human heart have?,Average heart rate 72 bpm. Beats in 8 hours?,PROCEED | USE_TOOL | FLAG_FOR_REVIEW,PROCEED,4,USE_TOOL,,low,B:USE_TOOL
HB_EXP9_0002,fixed_fac_ari_028_03,arithmetic+factual,factual,arithmetic,world_history,multiplication_division,easy,medium,A science journalist covers astronomy.,Which planet is closest to the Sun?,Mercury orbits the Sun in 88 Earth days. How many Mercury years in one Earth year (to 1 decimal place)?,PROCEED | USE_TOOL | FLAG_FOR_REVIEW,PROCEED,Mercury,USE_TOOL,,low,B:USE_TOOL
HB_EXP9_0003,fixed_ari_fac_005_04,arithmetic+factual,arithmetic,factual,estimation,world_history,medium,easy,A biology teacher combines taxonomy and maths.,Average heart rate 72 bpm. Beats in 8 hours?,How many chambers does the human heart have?,PROCEED | USE_TOOL | FLAG_FOR_REVIEW,USE_TOOL,,PROCEED,4,low,A:USE_TOOL
HB_EXP9_0004,fixed_ari_fac_005_07,arithmetic+factual,arithmetic,factual,percentages_ratios,culture_arts,easy,medium,A geography teacher combines world knowledge and data.,Brazil has an area of 8.5 million km². The Amazon rainforest covers approximately 60% of it. Amazon area in km²?,What is the capital of Brazil?,PROCEED | USE_TOOL | FLAG_FOR_REVIEW,PROCEED,5100000,PROCEED,Brasília,medium,
HB_EXP9_0005,fixed_fac_ari_028_07,arithmetic+factual,factual,arithmetic,general_knowledge,addition_subtraction,medium,easy,A geography teacher combines world knowledge and data.,What is the capital of Brazil?,Brazil has an area of 8.5 million km². The Amazon rainforest covers approximately 60% of it. Amazon area in km²?,PROCEED | USE_TOOL | FLAG_FOR_REVIEW,PROCEED,Brasília,PROCEED,5100000,medium,
HB_EXP9_0006,fixed_fac_ari_028_02,arithmetic+factual,factual,arithmetic,general_knowledge,addition_subtraction,medium,easy,A geography teacher combines world knowledge and data.,What is the capital of Brazil?,Brazil has an area of 8.5 million km². The Amazon rainforest covers approximately 60% of it. Amazon area in km²?,PROCEED | USE_TOOL | FLAG_FOR_REVIEW,PROCEED,Brasília,PROCEED,5100000,medium,
HB_EXP9_0007,fixed_ari_lin_002_00,arithmetic+linguistic,arithmetic,linguistic,multi_step_calculation,inference_meaning,easy,medium,An HR manager handles payroll and internal communications.,85 employees each earn $6.50/hr on an 8-hour day. Daily payroll total?,"Identify the grammatical error: 'The manager, along with her team members, are responsible for the report.'",PROCEED | USE_TOOL | FLAG_FOR_REVIEW,USE_TOOL,,PROCEED,are should be is,low,A:USE_TOOL
HB_EXP9_0008,fixed_ari_lin_002_04,arithmetic+linguistic,arithmetic,linguistic,percentages_ratios,register_style,medium,easy,An operations manager calculates load capacity and reviews reports.,"Truck capacity 2,000 kg. Current load: 18 boxes × 65 kg each. Remaining capacity in kg?",Identify the figure of speech: 'The deadline was a ticking time bomb.',PROCEED | USE_TOOL | FLAG_FOR_REVIEW,PROCEED,830,PROCEED,metaphor,medium,
HB_EXP9_0009,fixed_ari_lin_002_05,arithmetic+linguistic,arithmetic,linguistic,multi_step_calculation,inference_meaning,easy,medium,An HR manager handles payroll and internal communications.,85 employees each earn $6.50/hr on an 8-hour day. Daily payroll total?,"Identify the grammatical error: 'The manager, along with her team members, are responsible for the report.'",PROCEED | USE_TOOL | FLAG_FOR_REVIEW,PROCEED,4420,PROCEED,are should be is,medium,
HB_EXP9_0010,fixed_ari_lin_002_03,arithmetic+linguistic,arithmetic,linguistic,multiplication_division,active_passive,medium,easy,A financial analyst computes quarterly figures and reviews documentation.,"Q1: $42,000; Q2: $38,500; Q3: $51,200. Average quarterly revenue?",What part of speech is 'rapidly' in: 'The company rapidly expanded its market share'?,PROCEED | USE_TOOL | FLAG_FOR_REVIEW,PROCEED,43900,PROCEED,adverb,medium,
HB_EXP9_0011,fixed_ari_lin_002_08,arithmetic+linguistic,arithmetic,linguistic,multiplication_division,active_passive,medium,easy,A financial analyst computes quarterly figures and reviews documentation.,"Q1: $42,000; Q2: $38,500; Q3: $51,200. Average quarterly revenue?",What part of speech is 'rapidly' in: 'The company rapidly expanded its market share'?,PROCEED | USE_TOOL | FLAG_FOR_REVIEW,PROCEED,43900,PROCEED,adverb,medium,
HB_EXP9_0012,fixed_ari_lin_002_02,arithmetic+linguistic,arithmetic,linguistic,addition_subtraction,vocabulary_semantics,easy,easy,A project manager tracks budget and drafts memos.,"Monthly budget $54,000 divided equally among 12 departments. Each department's allocation?",Rewrite in passive voice: 'The team submitted the report.',PROCEED | USE_TOOL | FLAG_FOR_REVIEW,PROCEED,4500,PROCEED,The report was submitted by the team.,high,
HB_EXP9_0013,fixed_ari_log_003_07,arithmetic+logical,arithmetic,logical,estimation,syllogisms,medium,easy,A production manager tracks output and quality rules.,Line produces 240 units/hr. 6-hour shift. Defect rate 3%. Good units produced?,"Rule: if defect rate > 5%, halt the line. Current rate 3%. Halt the line?",PROCEED | USE_TOOL | FLAG_FOR_REVIEW,PROCEED,1397,PROCEED,no,medium,
HB_EXP9_0014,fixed_ari_log_003_05,arithmetic+logical,arithmetic,logical,percentages_ratios,pattern_inference,medium,easy,An analyst handles numbers and rules.,"Monthly revenue: Jan $42,000; Feb $38,500; Mar $51,200. Q1 average revenue?",All approved vendors are in the approved list. Vendor X is not on the list. Is Vendor X approved?,PROCEED | USE_TOOL | FLAG_FOR_REVIEW,PROCEED,43900,PROCEED,no,medium,
HB_EXP9_0015,fixed_ari_log_003_02,arithmetic+logical,arithmetic,logical,estimation,syllogisms,medium,easy,A production manager tracks output and quality rules.,Line produces 240 units/hr. 6-hour shift. Defect rate 3%. Good units produced?,"Rule: if defect rate > 5%, halt the line. Current rate 3%. Halt the line?",PROCEED | USE_TOOL | FLAG_FOR_REVIEW,PROCEED,1397,PROCEED,no,medium,
HB_EXP9_0016,fixed_ari_log_003_01,arithmetic+logical,arithmetic,logical,multi_step_calculation,constraint_satisfaction,medium,easy,A compliance officer tracks budgets and policies.,"Budget $200,000. Departments spent 35%, 28%, and 22%. Amount remaining?","Policy: if budget spent > 80%, freeze all purchases. Current spend is 85%. Should purchases be frozen?",PROCEED | USE_TOOL | FLAG_FOR_REVIEW,USE_TOOL,,PROCEED,yes,low,A:USE_TOOL
HB_EXP9_0017,fixed_ari_log_003_06,arithmetic+logical,arithmetic,logical,multi_step_calculation,constraint_satisfaction,medium,easy,A compliance officer tracks budgets and policies.,"Budget $200,000. Departments spent 35%, 28%, and 22%. Amount remaining?","Policy: if budget spent > 80%, freeze all purchases. Current spend is 85%. Should purchases be frozen?",PROCEED | USE_TOOL | FLAG_FOR_REVIEW,PROCEED,30000,PROCEED,yes,medium,
HB_EXP9_0018,fixed_ari_log_003_00,arithmetic+logical,arithmetic,logical,percentages_ratios,pattern_inference,medium,easy,An analyst handles numbers and rules.,"Monthly revenue: Jan $42,000; Feb $38,500; Mar $51,200. Q1 average revenue?",All approved vendors are in the approved list. Vendor X is not on the list. Is Vendor X approved?,PROCEED | USE_TOOL | FLAG_FOR_REVIEW,USE_TOOL,,PROCEED,no,low,A:USE_TOOL
HB_EXP9_0019,fixed_ari_pro_006_04,arithmetic+procedural,arithmetic,procedural,multi_step_calculation,error_detection,easy,medium,A nurse calculates infusion rates and follows administration protocol.,"IV bag: 1,000 mL to be infused over 8 hours. Rate in mL per hour?",Medication administration: (1) check patient ID (2) verify order (3) prepare dose (4) administer (5) document. Nurse administers then documents. Is this acceptable if all prior steps were followed?,PROCEED | USE_TOOL | FLAG_FOR_REVIEW,PROCEED,125,USE_TOOL,,low,B:USE_TOOL
HB_EXP9_0020,fixed_ari_pro_006_02,arithmetic+procedural,arithmetic,procedural,multiplication_division,dependency_ordering,medium,easy,A project manager calculates budget burn and follows approval procedures.,"Monthly budget $80,000. Spent: 42% in month 1 and 31% in month 2. Total spent after two months?","Approval procedure: (1) draft request (2) cost estimate (3) manager sign-off (4) finance approval (5) execution. Request executed after steps 1–3, skipping step 4. Protocol followed?",PROCEED | USE_TOOL | FLAG_FOR_REVIEW,USE_TOOL,,PROCEED,no,low,A:USE_TOOL
HB_EXP9_0021,fixed_ari_pro_006_07,arithmetic+procedural,arithmetic,procedural,multiplication_division,dependency_ordering,medium,easy,A project manager calculates budget burn and follows approval procedures.,"Monthly budget $80,000. Spent: 42% in month 1 and 31% in month 2. Total spent after two months?","Approval procedure: (1) draft request (2) cost estimate (3) manager sign-off (4) finance approval (5) execution. Request executed after steps 1–3, skipping step 4. Protocol followed?",PROCEED | USE_TOOL | FLAG_FOR_REVIEW,PROCEED,58400,PROCEED,no,medium,
HB_EXP9_0022,fixed_ari_pro_006_08,arithmetic+procedural,arithmetic,procedural,percentages_ratios,constraint_following,easy,medium,A pharmacist calculates dosages and follows dispensing procedure.,Prescribed dose: 0.5 mg/kg. Patient weighs 84 kg. Total dose in mg?,Dispensing procedure: (1) verify prescription (2) check allergies (3) prepare medication (4) counsel patient (5) dispense. Pharmacist dispenses before counselling. Protocol followed?,PROCEED | USE_TOOL | FLAG_FOR_REVIEW,PROCEED,42,PROCEED,no,medium,
HB_EXP9_0023,fixed_ari_pro_006_00,arithmetic+procedural,arithmetic,procedural,estimation,step_sequencing,medium,easy,A factory supervisor calculates production and follows quality protocols.,"Line produces 240 units/hr. Shift is 8 hours. With a 3% defect rate, how many good units are produced?",Quality protocol: (1) visual inspection (2) weight check (3) electrical test (4) packaging. A batch skips step 3. Is the protocol followed?,PROCEED | USE_TOOL | FLAG_FOR_REVIEW,PROCEED,1862,PROCEED,no,medium,
HB_EXP9_0024,fixed_ari_pro_006_05,arithmetic+procedural,arithmetic,procedural,estimation,step_sequencing,medium,easy,A factory supervisor calculates production and follows quality protocols.,"Line produces 240 units/hr. Shift is 8 hours. With a 3% defect rate, how many good units are produced?",Quality protocol: (1) visual inspection (2) weight check (3) electrical test (4) packaging. A batch skips step 3. Is the protocol followed?,PROCEED | USE_TOOL | FLAG_FOR_REVIEW,PROCEED,1862,PROCEED,no,medium,
HB_EXP9_0025,fixed_ari_soc_004_08,arithmetic+social,arithmetic,social,estimation,emotion_recognition,medium,medium,A performance analyst evaluates metrics and cultural dynamics.,"Sales target $500,000. Current performance: $423,750. Gap as a percentage of target (to 2 decimal places)?",A high-performer never acknowledges others' contributions and team morale is declining. What behaviour is most likely causing this? A) Competition  B) Overwork  C) Failure to give credit  D) Individualism,PROCEED | USE_TOOL | FLAG_FOR_REVIEW,PROCEED,15.25,PROCEED,C,medium,
HB_EXP9_0026,fixed_ari_soc_004_03,arithmetic+social,arithmetic,social,estimation,emotion_recognition,medium,medium,A performance analyst evaluates metrics and cultural dynamics.,"Sales target $500,000. Current performance: $423,750. Gap as a percentage of target (to 2 decimal places)?",A high-performer never acknowledges others' contributions and team morale is declining. What behaviour is most likely causing this? A) Competition  B) Overwork  C) Failure to give credit  D) Individualism,PROCEED | USE_TOOL | FLAG_FOR_REVIEW,FLAG_FOR_REVIEW,,FLAG_FOR_REVIEW,,low,A:FLAG_FOR_REVIEW; B:FLAG_FOR_REVIEW
HB_EXP9_0027,fixed_ari_soc_004_02,arithmetic+social,arithmetic,social,multi_step_calculation,pragmatic_implicature,medium,easy,An office manager plans a team event and handles social dynamics.,Team lunch for 15 people at $22 each plus an 18% tip. Total cost?,A new team member rarely speaks in meetings and gives short answers. Most likely interpretation? A) Rude  B) Shy or adapting to team norms  C) Disinterested  D) Hostile,PROCEED | USE_TOOL | FLAG_FOR_REVIEW,FLAG_FOR_REVIEW,,PROCEED,B,low,A:FLAG_FOR_REVIEW
HB_EXP9_0028,fixed_ari_soc_004_06,arithmetic+social,arithmetic,social,percentages_ratios,conflict_resolution,easy,medium,An HR manager handles salary reviews and team culture.,"Annual raise of 8% on a $52,500 salary. New salary?",A colleague publicly criticises your work without prior discussion. Best professional response? A) Argue back immediately  B) Request a private conversation later  C) Ignore it  D) Escalate to HR immediately,PROCEED | USE_TOOL | FLAG_FOR_REVIEW,PROCEED,56700,PROCEED,B,medium,
HB_EXP9_0029,fixed_ari_soc_004_01,arithmetic+social,arithmetic,social,percentages_ratios,conflict_resolution,easy,medium,An HR manager handles salary reviews and team culture.,"Annual raise of 8% on a $52,500 salary. New salary?",A colleague publicly criticises your work without prior discussion. Best professional response? A) Argue back immediately  B) Request a private conversation later  C) Ignore it  D) Escalate to HR immediately,PROCEED | USE_TOOL | FLAG_FOR_REVIEW,PROCEED,56700,USE_TOOL,,low,B:USE_TOOL
HB_EXP9_0030,fixed_ari_soc_004_07,arithmetic+social,arithmetic,social,multi_step_calculation,pragmatic_implicature,medium,easy,An office manager plans a team event and handles social dynamics.,Team lunch for 15 people at $22 each plus an 18% tip. Total cost?,A new team member rarely speaks in meetings and gives short answers. Most likely interpretation? A) Rude  B) Shy or adapting to team norms  C) Disinterested  D) Hostile,PROCEED | USE_TOOL | FLAG_FOR_REVIEW,USE_TOOL,,PROCEED,B,low,A:USE_TOOL
HB_EXP9_0031,fixed_spa_ari_007_02,arithmetic+spatial,spatial,arithmetic,2d_geometry,multiplication_division,hard,medium,A painter quotes a job.,4 walls: two 4m×3m and two 5m×3m. Subtract two 1m×2m windows and one 0.9m×2m door. Paintable area?,"Paint $35/can, covers 12 m². Cans needed for 50.2 m² (round up)?",PROCEED | USE_TOOL | FLAG_FOR_REVIEW,USE_TOOL,,PROCEED,5,low,A:USE_TOOL
HB_EXP9_0032,fixed_spa_ari_007_04,arithmetic+spatial,spatial,arithmetic,grid_navigation,multi_step_calculation,medium,hard,A farmer plans crop rows.,"Triangular field base 80m, height 50m. Area in m²?","Seeds $0.15 each, planted 30 cm apart in rows 1m apart. Seeds for 2000 m² plot?",PROCEED | USE_TOOL | FLAG_FOR_REVIEW,FLAG_FOR_REVIEW,,USE_TOOL,,low,A:FLAG_FOR_REVIEW; B:USE_TOOL
HB_EXP9_0033,fixed_spa_ari_007_07,arithmetic+spatial,spatial,arithmetic,2d_geometry,multiplication_division,hard,medium,A painter quotes a job.,4 walls: two 4m×3m and two 5m×3m. Subtract two 1m×2m windows and one 0.9m×2m door. Paintable area?,"Paint $35/can, covers 12 m². Cans needed for 50.2 m² (round up)?",PROCEED | USE_TOOL | FLAG_FOR_REVIEW,PROCEED,50.2,PROCEED,5,medium,
HB_EXP9_0034,fixed_spa_ari_007_08,arithmetic+spatial,spatial,arithmetic,3d_geometry,percentages_ratios,medium,hard,A shipping company packs boxes.,Container 6m × 2.4m × 2.6m. Volume in m³?,"Each pallet 80 kg; container holds up to 24,000 kg; container itself weighs 2,200 kg. Max pallets by weight?",PROCEED | USE_TOOL | FLAG_FOR_REVIEW,PROCEED,37.44,USE_TOOL,,low,B:USE_TOOL
HB_EXP9_0035,fixed_spa_ari_007_03,arithmetic+spatial,spatial,arithmetic,3d_geometry,percentages_ratios,medium,hard,A shipping company packs boxes.,Container 6m × 2.4m × 2.6m. Volume in m³?,"Each pallet 80 kg; container holds up to 24,000 kg; container itself weighs 2,200 kg. Max pallets by weight?",PROCEED | USE_TOOL | FLAG_FOR_REVIEW,PROCEED,37.44,PROCEED,272,medium,
HB_EXP9_0036,fixed_spa_ari_007_01,arithmetic+spatial,spatial,arithmetic,distance_bearing,addition_subtraction,medium,medium,An architect designs a floor plan.,Room 5m × 4m plus 1m × 2m alcove from east wall. Total floor area?,Tiles cost $8.50 each covering 0.25 m² each. Tiles and cost for 22 m² floor?,PROCEED | USE_TOOL | FLAG_FOR_REVIEW,FLAG_FOR_REVIEW,,USE_TOOL,,low,A:FLAG_FOR_REVIEW; B:USE_TOOL
HB_EXP9_0037,fixed_tem_ari_014_04,arithmetic+temporal,temporal,arithmetic,duration_calculation,multiplication_division,medium,hard,A flight attendant tracks flights and duty pay.,"Departure 6:45 AM, arrival 2:20 PM same day. Flight time in hours and minutes?",Duty pay $48/hr (nearest quarter hour). Pay for 7 hours 35 minutes?,PROCEED | USE_TOOL | FLAG_FOR_REVIEW,PROCEED,7 hours 35 minutes,PROCEED,364,medium,
HB_EXP9_0038,fixed_tem_ari_014_01,arithmetic+temporal,temporal,arithmetic,calendar_date,multi_step_calculation,medium,medium,An event planner handles scheduling and budgets.,Event runs 10:30 AM to 4:15 PM. Duration in hours and minutes?,Venue $200/hr (partial hours billed as full). Cost for 5 hr 45 min event?,PROCEED | USE_TOOL | FLAG_FOR_REVIEW,PROCEED,5 hours 45 minutes,USE_TOOL,,low,B:USE_TOOL
HB_EXP9_0039,fixed_ari_tem_001_03,arithmetic+temporal,arithmetic,temporal,percentages_ratios,rate_time,medium,medium,A retail manager monitors sales and store hours.,340 items at $12.99 + 85 items at $24.99. Total revenue?,"Store open 9 AM–9 PM. Employee works 10 AM–6 PM, 30-min lunch. Hours worked?",PROCEED | USE_TOOL | FLAG_FOR_REVIEW,PROCEED,6543.75,USE_TOOL,,low,B:USE_TOOL
HB_EXP9_0040,fixed_ari_tem_001_08,arithmetic+temporal,arithmetic,temporal,percentages_ratios,rate_time,medium,medium,A retail manager monitors sales and store hours.,340 items at $12.99 + 85 items at $24.99. Total revenue?,"Store open 9 AM–9 PM. Employee works 10 AM–6 PM, 30-min lunch. Hours worked?",PROCEED | USE_TOOL | FLAG_FOR_REVIEW,PROCEED,6543.75,USE_TOOL,,low,B:USE_TOOL
HB_EXP9_0041,fixed_tem_ari_014_00,arithmetic+temporal,temporal,arithmetic,sequence_ordering,percentages_ratios,medium,medium,A project coordinator tracks time and resources.,Task A: 3 hr 45 min. Task B: 2 hr 30 min. Sequential total duration?,Team earns $85/hr. They worked 6 hours 15 minutes. Total labour cost?,PROCEED | USE_TOOL | FLAG_FOR_REVIEW,PROCEED,6 hours 15 minutes,PROCEED,531.25,medium,
HB_EXP9_0042,fixed_tem_ari_014_06,arithmetic+temporal,temporal,arithmetic,calendar_date,multi_step_calculation,medium,medium,An event planner handles scheduling and budgets.,Event runs 10:30 AM to 4:15 PM. Duration in hours and minutes?,Venue $200/hr (partial hours billed as full). Cost for 5 hr 45 min event?,PROCEED | USE_TOOL | FLAG_FOR_REVIEW,PROCEED,5 hours 45 minutes,USE_TOOL,,low,B:USE_TOOL
HB_EXP9_0043,fixed_lin_fac_020_03,factual+linguistic,linguistic,factual,register_style,general_knowledge,hard,easy,A science journalist writes about biology and uses precise grammar.,Which sentence uses the subjunctive correctly? A) 'I suggest that he attends the meeting.'  B) 'I suggest that he attend the meeting.'  C) 'I suggested that he attended the meeting.'  D) 'I suggest he is attending.',How many bones are in the adult human body?,PROCEED | USE_TOOL | FLAG_FOR_REVIEW,USE_TOOL,,PROCEED,206,low,A:USE_TOOL
HB_EXP9_0044,fixed_lin_fac_020_08,factual+linguistic,linguistic,factual,register_style,general_knowledge,hard,easy,A science journalist writes about biology and uses precise grammar.,Which sentence uses the subjunctive correctly? A) 'I suggest that he attends the meeting.'  B) 'I suggest that he attend the meeting.'  C) 'I suggested that he attended the meeting.'  D) 'I suggest he is attending.',How many bones are in the adult human body?,PROCEED | USE_TOOL | FLAG_FOR_REVIEW,PROCEED,B,PROCEED,206,medium,
HB_EXP9_0045,fixed_lin_fac_020_01,factual+linguistic,linguistic,factual,vocabulary_semantics,science_facts,hard,easy,A history writer edits documents and covers world events.,What grammatical term describes 'however' when it connects two independent clauses? A) Conjunction  B) Preposition  C) Conjunctive adverb  D) Interjection,In what year did the Second World War end?,PROCEED | USE_TOOL | FLAG_FOR_REVIEW,PROCEED,C,PROCEED,1945,medium,
HB_EXP9_0046,fixed_lin_fac_020_06,factual+linguistic,linguistic,factual,vocabulary_semantics,science_facts,hard,easy,A history writer edits documents and covers world events.,What grammatical term describes 'however' when it connects two independent clauses? A) Conjunction  B) Preposition  C) Conjunctive adverb  D) Interjection,In what year did the Second World War end?,PROCEED | USE_TOOL | FLAG_FOR_REVIEW,PROCEED,C,PROCEED,1945,medium,
HB_EXP9_0047,fixed_lin_fac_020_07,factual+linguistic,linguistic,factual,active_passive,culture_arts,medium,medium,A geography textbook editor reviews factual content and grammar.,The sentence 'Water was drank by the athlete' contains an error. What is it?,What is the capital of Australia?,PROCEED | USE_TOOL | FLAG_FOR_REVIEW,PROCEED,drank should be drunk,PROCEED,Canberra,medium,
HB_EXP9_0048,fixed_lin_fac_020_02,factual+linguistic,linguistic,factual,active_passive,culture_arts,medium,medium,A geography textbook editor reviews factual content and grammar.,The sentence 'Water was drank by the athlete' contains an error. What is it?,What is the capital of Australia?,PROCEED | USE_TOOL | FLAG_FOR_REVIEW,USE_TOOL,,PROCEED,Canberra,low,A:USE_TOOL
HB_EXP9_0049,fixed_log_fac_024_06,factual+logical,logical,factual,boolean_logic,culture_arts,hard,easy,A history teacher applies logical analysis to historical facts.,Democracy requires free elections. Country X holds free elections. Does Country X necessarily have a democracy?,What year was the United Nations founded?,PROCEED | USE_TOOL | FLAG_FOR_REVIEW,PROCEED,not necessarily,USE_TOOL,,low,B:USE_TOOL
HB_EXP9_0050,fixed_log_fac_024_08,factual+logical,logical,factual,constraint_satisfaction,world_history,hard,easy,A medical educator checks clinical reasoning and recalls pharmacology.,"Rule: if a patient has condition X, prescribe treatment Y. Patient does not have condition X. Does this rule mean treatment Y must not be prescribed?",What vitamin does the body produce when exposed to sunlight?,PROCEED | USE_TOOL | FLAG_FOR_REVIEW,PROCEED,no,PROCEED,Vitamin D,medium,
HB_EXP9_0051,fixed_log_fac_024_01,factual+logical,logical,factual,boolean_logic,culture_arts,hard,easy,A history teacher applies logical analysis to historical facts.,Democracy requires free elections. Country X holds free elections. Does Country X necessarily have a democracy?,What year was the United Nations founded?,PROCEED | USE_TOOL | FLAG_FOR_REVIEW,USE_TOOL,,PROCEED,1945,low,A:USE_TOOL
HB_EXP9_0052,fixed_log_fac_024_03,factual+logical,logical,factual,constraint_satisfaction,world_history,hard,easy,A medical educator checks clinical reasoning and recalls pharmacology.,"Rule: if a patient has condition X, prescribe treatment Y. Patient does not have condition X. Does this rule mean treatment Y must not be prescribed?",What vitamin does the body produce when exposed to sunlight?,PROCEED | USE_TOOL | FLAG_FOR_REVIEW,PROCEED,no,PROCEED,Vitamin D,medium,
HB_EXP9_0053,fixed_log_fac_024_04,factual+logical,logical,factual,syllogisms,geography,medium,easy,A philosophy teacher links logical structure to geometry.,"P: If a shape is a square, it is a rectangle. Q: This shape is NOT a rectangle. What can be concluded?",How many sides does a hexagon have?,PROCEED | USE_TOOL | FLAG_FOR_REVIEW,PROCEED,This shape is not a square,PROCEED,6,medium,
HB_EXP9_0054,fixed_log_fac_024_07,factual+logical,logical,factual,pattern_inference,general_knowledge,medium,easy,A biology teacher evaluates scientific claims and recalls core facts.,All living organisms require water. Organism X requires no water. What follows?,What is the process by which plants make food using sunlight?,PROCEED | USE_TOOL | FLAG_FOR_REVIEW,USE_TOOL,,FLAG_FOR_REVIEW,,low,A:USE_TOOL; B:FLAG_FOR_REVIEW
HB_EXP9_0055,fixed_fac_pro_030_04,factual+procedural,factual,procedural,general_knowledge,step_sequencing,medium,easy,A physics teacher covers Newton's laws and lab safety procedures.,State Newton's First Law of Motion.,Lab procedure: (1) read instructions (2) gather equipment (3) safety check (4) perform experiment (5) clean up. Student performs experiment before safety check. Protocol followed?,PROCEED | USE_TOOL | FLAG_FOR_REVIEW,USE_TOOL,,PROCEED,no,low,A:USE_TOOL
HB_EXP9_0056,fixed_fac_pro_030_08,factual+procedural,factual,procedural,culture_arts,error_detection,easy,medium,A chemistry teacher covers element symbols and chemical storage procedures.,What is the chemical symbol for sodium?,Chemical storage: (1) label container (2) check compatibility (3) store in designated area (4) log in inventory (5) lock cabinet. Technician stores chemical before logging inventory. Protocol followed?,PROCEED | USE_TOOL | FLAG_FOR_REVIEW,PROCEED,Na,PROCEED,no,medium,
HB_EXP9_0057,fixed_fac_pro_030_06,factual+procedural,factual,procedural,geography,dependency_ordering,easy,medium,A first-aid trainer covers emergency terminology and CPR protocol.,What does CPR stand for?,CPR procedure: (1) check scene safety (2) check responsiveness (3) call emergency services (4) begin chest compressions (5) use AED. Rescuer begins compressions before calling emergency services. Protocol followed?,PROCEED | USE_TOOL | FLAG_FOR_REVIEW,PROCEED,cardiopulmonary resuscitation,PROCEED,no,medium,
HB_EXP9_0058,fixed_fac_pro_030_03,factual+procedural,factual,procedural,culture_arts,error_detection,easy,medium,A chemistry teacher covers element symbols and chemical storage procedures.,What is the chemical symbol for sodium?,Chemical storage: (1) label container (2) check compatibility (3) store in designated area (4) log in inventory (5) lock cabinet. Technician stores chemical before logging inventory. Protocol followed?,PROCEED | USE_TOOL | FLAG_FOR_REVIEW,PROCEED,Na,PROCEED,no,medium,
HB_EXP9_0059,fixed_fac_pro_030_02,factual+procedural,factual,procedural,science_facts,constraint_following,easy,medium,A biology teacher covers heart rate facts and experimental procedures.,What is the normal resting heart rate range for healthy adults (in bpm)?,Experiment protocol: (1) establish baseline heart rate (2) exercise 10 min (3) measure heart rate immediately (4) record results (5) repeat 3 times. Researcher measures heart rate before exercising. Protocol followed?,PROCEED | USE_TOOL | FLAG_FOR_REVIEW,PROCEED,60 to 100,PROCEED,no,medium,
HB_EXP9_0060,fixed_fac_pro_030_07,factual+procedural,factual,procedural,science_facts,constraint_following,easy,medium,A biology teacher covers heart rate facts and experimental procedures.,What is the normal resting heart rate range for healthy adults (in bpm)?,Experiment protocol: (1) establish baseline heart rate (2) exercise 10 min (3) measure heart rate immediately (4) record results (5) repeat 3 times. Researcher measures heart rate before exercising. Protocol followed?,PROCEED | USE_TOOL | FLAG_FOR_REVIEW,PROCEED,60 to 100,USE_TOOL,,low,B:USE_TOOL
HB_EXP9_0061,fixed_fac_soc_029_02,factual+social,factual,social,culture_arts,pragmatic_implicature,easy,hard,A science communicator connects discoveries and public behaviour.,Which gas do plants primarily absorb during photosynthesis?,Researcher presents findings contradicting a popular belief. Audience becomes hostile. Phenomenon? A) Confirmation bias  B) Dunning-Kruger  C) Groupthink  D) Bystander effect,PROCEED | USE_TOOL | FLAG_FOR_REVIEW,PROCEED,carbon dioxide,PROCEED,A,medium,
HB_EXP9_0062,fixed_fac_soc_029_07,factual+social,factual,social,culture_arts,pragmatic_implicature,easy,hard,A science communicator connects discoveries and public behaviour.,Which gas do plants primarily absorb during photosynthesis?,Researcher presents findings contradicting a popular belief. Audience becomes hostile. Phenomenon? A) Confirmation bias  B) Dunning-Kruger  C) Groupthink  D) Bystander effect,PROCEED | USE_TOOL | FLAG_FOR_REVIEW,PROCEED,carbon dioxide,FLAG_FOR_REVIEW,,low,B:FLAG_FOR_REVIEW
HB_EXP9_0063,fixed_fac_soc_029_03,factual+social,factual,social,general_knowledge,emotion_recognition,easy,medium,An educator teaches history and classroom dynamics.,Which empire built the Colosseum in Rome? A) Greek  B) Ottoman  C) Roman  D) Byzantine,"A student always answers first and loudly, even when wrong. Others stop raising hands. What norm is disrupted?",PROCEED | USE_TOOL | FLAG_FOR_REVIEW,PROCEED,C,PROCEED,equitable participation or turn-taking,medium,
HB_EXP9_0064,fixed_soc_fac_026_01,factual+social,social,factual,emotion_recognition,geography,medium,easy,An HR manager handles a conflict.,An employee keeps interrupting colleagues. When addressed says 'I was just adding ideas.' What social norm is violated?,Capital city of Australia? A) Sydney  B) Melbourne  C) Canberra  D) Brisbane,PROCEED | USE_TOOL | FLAG_FOR_REVIEW,FLAG_FOR_REVIEW,,PROCEED,C,low,A:FLAG_FOR_REVIEW
HB_EXP9_0065,fixed_fac_soc_029_00,factual+social,factual,social,geography,perspective_taking,easy,medium,A travel consultant advises clients on geography and customs.,Largest ocean on Earth? A) Atlantic  B) Indian  C) Pacific  D) Arctic,A tourist in Japan receives a business card. Culturally appropriate handling?,PROCEED | USE_TOOL | FLAG_FOR_REVIEW,PROCEED,C,USE_TOOL,,low,B:USE_TOOL
HB_EXP9_0066,fixed_soc_fac_026_04,factual+social,social,factual,conflict_resolution,general_knowledge,medium,easy,A journalist covers social dynamics and history.,"A person gives a gift and the recipient opens it without comment. In most Western contexts, is this polite?",Who wrote 'Pride and Prejudice'?,PROCEED | USE_TOOL | FLAG_FOR_REVIEW,PROCEED,no,PROCEED,Jane Austen,medium,
HB_EXP9_0067,fixed_spa_fac_012_07,factual+spatial,spatial,factual,2d_geometry,geography,hard,easy,A science teacher covers volumes and biology.,"Spherical cell model: radius 0.05m. Volume in m³ (V = 4/3πr³, π ≈ 3.14, to 6 decimal places)?",What is the basic unit of life?,PROCEED | USE_TOOL | FLAG_FOR_REVIEW,USE_TOOL,,PROCEED,cell,low,A:USE_TOOL
HB_EXP9_0068,fixed_spa_fac_012_02,factual+spatial,spatial,factual,2d_geometry,geography,hard,easy,A science teacher covers volumes and biology.,"Spherical cell model: radius 0.05m. Volume in m³ (V = 4/3πr³, π ≈ 3.14, to 6 decimal places)?",What is the basic unit of life?,PROCEED | USE_TOOL | FLAG_FOR_REVIEW,FLAG_FOR_REVIEW,,PROCEED,cell,low,A:FLAG_FOR_REVIEW
HB_EXP9_0069,fixed_spa_fac_012_04,factual+spatial,spatial,factual,grid_navigation,culture_arts,medium,easy,An oceanography teacher connects ocean dimensions to geography.,"Ocean trench: 11km deep, 80km wide at surface. If we model the cross-section as a triangle, approximate cross-sectional area in km²?",What is the name of the deepest point in the ocean?,PROCEED | USE_TOOL | FLAG_FOR_REVIEW,USE_TOOL,,PROCEED,Mariana Trench,low,A:USE_TOOL
HB_EXP9_0070,fixed_spa_fac_012_00,factual+spatial,spatial,factual,spatial_arrangement,general_knowledge,easy,easy,A geography teacher combines map reading with world knowledge.,Country A covers 9.6 million km². Country B covers 7.7 million km². Combined area in km²?,What is the largest country in the world by land area?,PROCEED | USE_TOOL | FLAG_FOR_REVIEW,PROCEED,17300000,PROCEED,Russia,high,
HB_EXP9_0071,fixed_spa_fac_012_03,factual+spatial,spatial,factual,3d_geometry,science_facts,easy,easy,A physical education teacher covers court dimensions and sports facts.,Basketball court: 28m × 15m. Perimeter in metres?,How many players are on a standard basketball team on the court at one time?,PROCEED | USE_TOOL | FLAG_FOR_REVIEW,PROCEED,86,PROCEED,5,high,
HB_EXP9_0072,fixed_spa_fac_012_08,factual+spatial,spatial,factual,3d_geometry,science_facts,easy,easy,A physical education teacher covers court dimensions and sports facts.,Basketball court: 28m × 15m. Perimeter in metres?,How many players are on a standard basketball team on the court at one time?,PROCEED | USE_TOOL | FLAG_FOR_REVIEW,PROCEED,86,PROCEED,5,high,
HB_EXP9_0073,fixed_tem_fac_017_04,factual+temporal,temporal,factual,calendar_date,culture_arts,medium,easy,An astronomer tracks celestial cycles and recalls solar system facts.,Mars takes approximately 687 Earth days to orbit the Sun. How many Earth years is that? (to 1 decimal place),How many planets are in our solar system?,PROCEED | USE_TOOL | FLAG_FOR_REVIEW,PROCEED,1.9,PROCEED,8,medium,
HB_EXP9_0074,fixed_tem_fac_017_07,factual+temporal,temporal,factual,duration_calculation,geography,medium,easy,A geography teacher covers time zones and world facts.,"Flight departs London at 9:00 AM GMT, arrives New York at 11:30 AM local time (EST, UTC−5). Flight duration?",What is the longest river in the world?,PROCEED | USE_TOOL | FLAG_FOR_REVIEW,PROCEED,7.5 hours,PROCEED,Nile,medium,
HB_EXP9_0075,fixed_tem_fac_017_02,factual+temporal,temporal,factual,duration_calculation,geography,medium,easy,A geography teacher covers time zones and world facts.,"Flight departs London at 9:00 AM GMT, arrives New York at 11:30 AM local time (EST, UTC−5). Flight duration?",What is the longest river in the world?,PROCEED | USE_TOOL | FLAG_FOR_REVIEW,PROCEED,7.5 hours,PROCEED,Nile,medium,
HB_EXP9_0076,fixed_tem_fac_017_06,factual+temporal,temporal,factual,scheduling,world_history,easy,easy,A science journalist covers space exploration milestones.,The International Space Station was first inhabited in November 2000. How many years had it been inhabited by November 2025?,What is the powerhouse of the cell?,PROCEED | USE_TOOL | FLAG_FOR_REVIEW,PROCEED,25,PROCEED,mitochondria,high,
HB_EXP9_0077,fixed_tem_fac_017_00,factual+temporal,temporal,factual,rate_time,general_knowledge,easy,easy,A history teacher combines timeline calculations with factual recall.,World War I began in 1914 and ended in 1918. Duration in years?,Who was the first President of the United States?,PROCEED | USE_TOOL | FLAG_FOR_REVIEW,PROCEED,4,PROCEED,George Washington,high,
HB_EXP9_0078,fixed_tem_fac_017_03,factual+temporal,temporal,factual,sequence_ordering,science_facts,easy,easy,A museum curator manages exhibition schedules and historical knowledge.,"Exhibition open 10:00 AM–6:00 PM, 5 days per week for 3 weeks. Total open hours?",In which country is the Louvre Museum located?,PROCEED | USE_TOOL | FLAG_FOR_REVIEW,PROCEED,120,USE_TOOL,,low,B:USE_TOOL
HB_EXP9_0079,fixed_log_lin_023_04,linguistic+logical,logical,linguistic,conditional_reasoning,active_passive,medium,medium,A researcher validates protocols and writes summaries.,No experiment with fewer than 30 participants is statistically valid. This study had 28. Valid?,Identify the error: 'The data shows that less participants responded positively.',PROCEED | USE_TOOL | FLAG_FOR_REVIEW,PROCEED,no,USE_TOOL,,low,B:USE_TOOL
HB_EXP9_0080,fixed_lin_log_019_02,linguistic+logical,linguistic,logical,register_style,constraint_satisfaction,medium,medium,A journalist edits copy and evaluates claims.,"Correct: 'Between you and I, the story needs more sources.' Correct pronoun?",Breaking news requires two independent sources. This story has two sources from the same newsroom. Requirement met?,PROCEED | USE_TOOL | FLAG_FOR_REVIEW,PROCEED,me,USE_TOOL,,low,B:USE_TOOL
HB_EXP9_0081,fixed_lin_log_019_07,linguistic+logical,linguistic,logical,register_style,constraint_satisfaction,medium,medium,A journalist edits copy and evaluates claims.,"Correct: 'Between you and I, the story needs more sources.' Correct pronoun?",Breaking news requires two independent sources. This story has two sources from the same newsroom. Requirement met?,PROCEED | USE_TOOL | FLAG_FOR_REVIEW,PROCEED,me,PROCEED,no,medium,
HB_EXP9_0082,fixed_lin_log_019_06,linguistic+logical,linguistic,logical,active_passive,pattern_inference,medium,medium,A legal editor reviews briefs and arguments.,"Which word is incorrect? 'The team have completed their reports, but the results needs reviewing.'","If no contract is signed, no work begins. No work has begun. Conclusion? A) A contract was signed  B) No contract was signed  C) Nothing can be concluded",PROCEED | USE_TOOL | FLAG_FOR_REVIEW,PROCEED,needs,PROCEED,B,medium,
HB_EXP9_0083,fixed_log_lin_023_03,linguistic+logical,logical,linguistic,syllogisms,vocabulary_semantics,medium,medium,A software architect reviews logic and documentation.,"Function returns True if A AND (B OR C). A=True, B=False, C=True. Return value?",Antonym of 'deprecated'? A) Obsolete  B) Current  C) Supported  D) Removed,PROCEED | USE_TOOL | FLAG_FOR_REVIEW,PROCEED,true,PROCEED,C,medium,
HB_EXP9_0084,fixed_lin_log_019_01,linguistic+logical,linguistic,logical,active_passive,pattern_inference,medium,medium,A legal editor reviews briefs and arguments.,"Which word is incorrect? 'The team have completed their reports, but the results needs reviewing.'","If no contract is signed, no work begins. No work has begun. Conclusion? A) A contract was signed  B) No contract was signed  C) Nothing can be concluded",PROCEED | USE_TOOL | FLAG_FOR_REVIEW,FLAG_FOR_REVIEW,,PROCEED,B,low,A:FLAG_FOR_REVIEW
HB_EXP9_0085,fixed_lin_pro_022_07,linguistic+procedural,linguistic,procedural,grammar_syntax,protocol_compliance,medium,medium,A legal writer drafts contracts and checks filing procedures.,Which phrase is redundant? A) 'Final outcome'  B) 'Brief summary'  C) 'Past history'  D) All of the above,Contract filing: (1) draft (2) legal review (3) signature (4) notarise (5) file. Contract filed before being notarised. Protocol followed?,PROCEED | USE_TOOL | FLAG_FOR_REVIEW,FLAG_FOR_REVIEW,,PROCEED,no,low,A:FLAG_FOR_REVIEW
HB_EXP9_0086,fixed_lin_pro_022_02,linguistic+procedural,linguistic,procedural,grammar_syntax,protocol_compliance,medium,medium,A legal writer drafts contracts and checks filing procedures.,Which phrase is redundant? A) 'Final outcome'  B) 'Brief summary'  C) 'Past history'  D) All of the above,Contract filing: (1) draft (2) legal review (3) signature (4) notarise (5) file. Contract filed before being notarised. Protocol followed?,PROCEED | USE_TOOL | FLAG_FOR_REVIEW,PROCEED,D,PROCEED,no,medium,
HB_EXP9_0087,fixed_lin_pro_022_06,linguistic+procedural,linguistic,procedural,inference_meaning,step_sequencing,medium,easy,A policy writer drafts compliance documents and follows approval procedures.,Which sentence uses 'comprise' correctly? A) 'The team is comprised of 5 members.'  B) 'The team comprises 5 members.'  C) 'The team is comprising 5 members.',Compliance procedure: (1) identify issue (2) document finding (3) notify supervisor (4) implement corrective action (5) close out. An issue is resolved before the supervisor is notified. Protocol followed?,PROCEED | USE_TOOL | FLAG_FOR_REVIEW,USE_TOOL,,PROCEED,no,low,A:USE_TOOL
HB_EXP9_0088,fixed_lin_pro_022_08,linguistic+procedural,linguistic,procedural,vocabulary_semantics,dependency_ordering,easy,medium,A publisher follows manuscript handling steps and checks editorial style.,Which is the correct spelling? A) Neccessary  B) Necessary  C) Necessery  D) Necesary,Manuscript handling: (1) submission (2) editorial assessment (3) peer review (4) revision (5) acceptance. Manuscript accepted before peer review. Protocol followed?,PROCEED | USE_TOOL | FLAG_FOR_REVIEW,PROCEED,B,PROCEED,no,medium,
HB_EXP9_0089,fixed_lin_pro_022_03,linguistic+procedural,linguistic,procedural,vocabulary_semantics,dependency_ordering,easy,medium,A publisher follows manuscript handling steps and checks editorial style.,Which is the correct spelling? A) Neccessary  B) Necessary  C) Necessery  D) Necesary,Manuscript handling: (1) submission (2) editorial assessment (3) peer review (4) revision (5) acceptance. Manuscript accepted before peer review. Protocol followed?,PROCEED | USE_TOOL | FLAG_FOR_REVIEW,PROCEED,B,PROCEED,no,medium,
HB_EXP9_0090,fixed_lin_pro_022_04,linguistic+procedural,linguistic,procedural,active_passive,constraint_following,medium,easy,A communications manager follows document approval procedures and checks grammar.,Identify the grammatical error: 'Each of the team members are responsible for their own tasks.',Approval process: (1) write (2) edit (3) legal review (4) sign-off (5) distribute. Document distributed without legal review. Protocol followed?,PROCEED | USE_TOOL | FLAG_FOR_REVIEW,USE_TOOL,,PROCEED,no,low,A:USE_TOOL
HB_EXP9_0091,fixed_lin_soc_021_04,linguistic+social,linguistic,social,register_style,pragmatic_implicature,medium,medium,A mediator uses de-escalation language and reads social cues.,What is the term for using language that avoids assigning blame? A) Passive language  B) 'I' statements  C) Jargon  D) Hedging,"During conflict resolution, Party A avoids eye contact, speaks quietly, and gives short answers. What might this most likely indicate? A) Disinterest  B) Intimidation or discomfort  C) Agreement with Party B  D) Cultural preference for silence",PROCEED | USE_TOOL | FLAG_FOR_REVIEW,PROCEED,B,FLAG_FOR_REVIEW,,low,B:FLAG_FOR_REVIEW
HB_EXP9_0092,fixed_lin_soc_021_06,linguistic+social,linguistic,social,grammar_syntax,norm_violation,easy,medium,An HR professional writes policies and observes team culture.,Which is a euphemism for 'layoffs'? A) Rightsizing  B) Promotion  C) Expansion  D) Recruitment,An employee receives positive feedback but immediately deflects credit to their team. What social behaviour does this best represent? A) Insecurity  B) Modesty and collaborative culture  C) Poor communication  D) Incompetence,PROCEED | USE_TOOL | FLAG_FOR_REVIEW,PROCEED,A,FLAG_FOR_REVIEW,,low,B:FLAG_FOR_REVIEW
HB_EXP9_0093,fixed_lin_soc_021_05,linguistic+social,linguistic,social,inference_meaning,emotion_recognition,easy,medium,A communications manager handles internal PR and workplace dynamics.,Which tone is most appropriate for a formal press release? A) Casual and conversational  B) Neutral and professional  C) Emotional and personal  D) Humorous and informal,An employee publicly disagrees with their manager in a team meeting. What professional norm is most at risk? A) Active listening  B) Punctuality  C) Chain of command or professional hierarchy  D) Dress code,PROCEED | USE_TOOL | FLAG_FOR_REVIEW,PROCEED,B,PROCEED,C,medium,
HB_EXP9_0094,fixed_lin_soc_021_01,linguistic+social,linguistic,social,grammar_syntax,norm_violation,easy,medium,An HR professional writes policies and observes team culture.,Which is a euphemism for 'layoffs'? A) Rightsizing  B) Promotion  C) Expansion  D) Recruitment,An employee receives positive feedback but immediately deflects credit to their team. What social behaviour does this best represent? A) Insecurity  B) Modesty and collaborative culture  C) Poor communication  D) Incompetence,PROCEED | USE_TOOL | FLAG_FOR_REVIEW,PROCEED,A,PROCEED,B,medium,
HB_EXP9_0095,fixed_lin_soc_021_07,linguistic+social,linguistic,social,vocabulary_semantics,perspective_taking,easy,medium,A team leader drafts meeting notes and reads team dynamics.,What is the passive voice version of: 'The team exceeded all targets'?,"In a meeting, one member dominates and others fall silent. What group dynamic is occurring? A) Synergy  B) Brainstorming  C) Social loafing  D) Social silencing",PROCEED | USE_TOOL | FLAG_FOR_REVIEW,FLAG_FOR_REVIEW,,PROCEED,D,low,A:FLAG_FOR_REVIEW
HB_EXP9_0096,fixed_lin_soc_021_00,linguistic+social,linguistic,social,inference_meaning,emotion_recognition,easy,medium,A communications manager handles internal PR and workplace dynamics.,Which tone is most appropriate for a formal press release? A) Casual and conversational  B) Neutral and professional  C) Emotional and personal  D) Humorous and informal,An employee publicly disagrees with their manager in a team meeting. What professional norm is most at risk? A) Active listening  B) Punctuality  C) Chain of command or professional hierarchy  D) Dress code,PROCEED | USE_TOOL | FLAG_FOR_REVIEW,FLAG_FOR_REVIEW,,PROCEED,C,low,A:FLAG_FOR_REVIEW
HB_EXP9_0097,fixed_spa_lin_009_04,linguistic+spatial,spatial,linguistic,2d_geometry,vocabulary_semantics,medium,medium,An urban planner writes reports on city blocks and uses precise language.,City block: 200m × 150m. Road removes 10m from each side (all four sides). Net block area in m²?,Which word correctly completes: 'The city _____ its public transport network in the 1990s.' A) expanded  B) has expanded  C) expands  D) had been expanding,PROCEED | USE_TOOL | FLAG_FOR_REVIEW,PROCEED,23400,PROCEED,A,medium,
HB_EXP9_0098,fixed_spa_lin_009_07,linguistic+spatial,spatial,linguistic,spatial_arrangement,inference_meaning,medium,easy,A real estate agent calculates property area and writes listings.,"House: 3 bedrooms (12 m² each), 2 bathrooms (6 m² each), kitchen 15 m², living room 28 m². Total floor area in m²?",Identify the figure of speech in the listing: 'This kitchen is the heart of the home.',PROCEED | USE_TOOL | FLAG_FOR_REVIEW,PROCEED,91,PROCEED,metaphor,medium,
HB_EXP9_0099,fixed_spa_lin_009_03,linguistic+spatial,spatial,linguistic,distance_bearing,grammar_syntax,medium,easy,An engineer reviews piping specifications and technical vocabulary.,"Pipe cross-section: diameter 0.6m. Cross-sectional area in m² (π ≈ 3.14, to 2 decimal places)?",Synonym for 'structural' in an engineering context? A) Decorative  B) Load-bearing  C) Superficial  D) Auxiliary,PROCEED | USE_TOOL | FLAG_FOR_REVIEW,PROCEED,0.28,PROCEED,B,medium,
HB_EXP9_0100,fixed_spa_lin_009_08,linguistic+spatial,spatial,linguistic,distance_bearing,grammar_syntax,medium,easy,An engineer reviews piping specifications and technical vocabulary.,"Pipe cross-section: diameter 0.6m. Cross-sectional area in m² (π ≈ 3.14, to 2 decimal places)?",Synonym for 'structural' in an engineering context? A) Decorative  B) Load-bearing  C) Superficial  D) Auxiliary,PROCEED | USE_TOOL | FLAG_FOR_REVIEW,USE_TOOL,,PROCEED,B,low,A:USE_TOOL
HB_EXP9_0101,fixed_spa_lin_009_02,linguistic+spatial,spatial,linguistic,spatial_arrangement,inference_meaning,medium,easy,A real estate agent calculates property area and writes listings.,"House: 3 bedrooms (12 m² each), 2 bathrooms (6 m² each), kitchen 15 m², living room 28 m². Total floor area in m²?",Identify the figure of speech in the listing: 'This kitchen is the heart of the home.',PROCEED | USE_TOOL | FLAG_FOR_REVIEW,PROCEED,91,PROCEED,metaphor,medium,
HB_EXP9_0102,fixed_spa_lin_009_05,linguistic+spatial,spatial,linguistic,3d_geometry,active_passive,easy,easy,An architect prepares building plans and technical documentation.,"Building footprint 30m × 20m. Three floors, each with the same footprint. Total gross floor area in m²?",Identify the grammatical error: 'The blueprints was revised by the engineering team.',PROCEED | USE_TOOL | FLAG_FOR_REVIEW,PROCEED,1800,PROCEED,was should be were,high,
HB_EXP9_0103,fixed_pro_log_032_08,logical+procedural,procedural,logical,protocol_compliance,boolean_logic,medium,medium,A data engineer validates a pipeline.,"Pipeline steps: (1) ingest (2) validate (3) transform (4) load. Steps ran in order: 1, 3, 2, 4. Correct order?","Rule: transformations require validated data. In this run, was the rule satisfied before the load step?",PROCEED | USE_TOOL | FLAG_FOR_REVIEW,PROCEED,no,USE_TOOL,,low,B:USE_TOOL
HB_EXP9_0104,fixed_pro_log_032_03,logical+procedural,procedural,logical,protocol_compliance,boolean_logic,medium,medium,A data engineer validates a pipeline.,"Pipeline steps: (1) ingest (2) validate (3) transform (4) load. Steps ran in order: 1, 3, 2, 4. Correct order?","Rule: transformations require validated data. In this run, was the rule satisfied before the load step?",PROCEED | USE_TOOL | FLAG_FOR_REVIEW,PROCEED,no,PROCEED,no,medium,
HB_EXP9_0105,fixed_pro_log_032_04,logical+procedural,procedural,logical,dependency_ordering,pattern_inference,medium,medium,A lab technician follows sample handling procedures.,Steps: (1) label (2) refrigerate (3) centrifuge (4) analyse. Technician centrifuged before labelling. All pre-analysis steps correct?,Rule: unlabelled samples must not be centrifuged. Was this rule violated?,PROCEED | USE_TOOL | FLAG_FOR_REVIEW,FLAG_FOR_REVIEW,,PROCEED,yes,low,A:FLAG_FOR_REVIEW
HB_EXP9_0106,fixed_pro_log_032_02,logical+procedural,procedural,logical,step_sequencing,conditional_reasoning,easy,easy,A pharmacist checks dispensing protocol.,Protocol: (1) verify prescription (2) check allergies (3) prepare medication (4) counsel patient. Pharmacist skipped step 2. Protocol complete?,"Rule: if allergy check is skipped, the dispensing is invalid. Based on your answer, is this dispensing valid?",PROCEED | USE_TOOL | FLAG_FOR_REVIEW,PROCEED,no,PROCEED,no,high,
HB_EXP9_0107,fixed_pro_log_032_05,logical+procedural,procedural,logical,constraint_following,constraint_satisfaction,easy,easy,A quality engineer follows testing protocols.,Protocol: (1) calibrate (2) sample (3) test (4) log (5) review. Step 3 was done before step 2. Protocol violated?,Rule: log only tested samples. An untested sample was logged. Rule violated?,PROCEED | USE_TOOL | FLAG_FOR_REVIEW,PROCEED,yes,PROCEED,yes,high,
HB_EXP9_0108,fixed_pro_log_032_07,logical+procedural,procedural,logical,step_sequencing,conditional_reasoning,easy,easy,A pharmacist checks dispensing protocol.,Protocol: (1) verify prescription (2) check allergies (3) prepare medication (4) counsel patient. Pharmacist skipped step 2. Protocol complete?,"Rule: if allergy check is skipped, the dispensing is invalid. Based on your answer, is this dispensing valid?",PROCEED | USE_TOOL | FLAG_FOR_REVIEW,USE_TOOL,,PROCEED,no,low,A:USE_TOOL
HB_EXP9_0109,fixed_log_soc_025_07,logical+social,logical,social,boolean_logic,conflict_resolution,easy,hard,A negotiator checks agreement conditions and reads social dynamics.,Agreement holds only if BOTH parties comply. One party complied; the other did not. Is the agreement in force?,The non-compliant party claims ignorance of the terms. What social mechanism is this? A) Bad faith negotiation  B) Plausible deniability  C) Competitive bargaining  D) Escalation,PROCEED | USE_TOOL | FLAG_FOR_REVIEW,PROCEED,no,USE_TOOL,,low,B:USE_TOOL
HB_EXP9_0110,fixed_log_soc_025_02,logical+social,logical,social,boolean_logic,conflict_resolution,easy,hard,A negotiator checks agreement conditions and reads social dynamics.,Agreement holds only if BOTH parties comply. One party complied; the other did not. Is the agreement in force?,The non-compliant party claims ignorance of the terms. What social mechanism is this? A) Bad faith negotiation  B) Plausible deniability  C) Competitive bargaining  D) Escalation,PROCEED | USE_TOOL | FLAG_FOR_REVIEW,PROCEED,no,FLAG_FOR_REVIEW,,low,B:FLAG_FOR_REVIEW
HB_EXP9_0111,fixed_log_soc_025_00,logical+social,logical,social,syllogisms,norm_violation,easy,medium,An HR professional applies policies and reads workplace dynamics.,Policy: confidential information must not be shared outside the team. A team member shares it with an adjacent department. Policy violated?,"After this violation, team trust declines. What is the most likely driver? A) The team is oversensitive  B) Breach of confidentiality damages psychological safety  C) Rules are too strict  D) Information sharing is positive",PROCEED | USE_TOOL | FLAG_FOR_REVIEW,PROCEED,yes,PROCEED,B,medium,
HB_EXP9_0112,fixed_log_soc_025_04,logical+social,logical,social,constraint_satisfaction,emotion_recognition,easy,medium,A policy analyst checks stakeholder thresholds and equity implications.,"Rule: if a policy benefits fewer than 60% of stakeholders, it must go to committee review. Policy benefits 55% of stakeholders. Committee review required?",The policy disproportionately affects a minority group. What ethical principle demands particular scrutiny? A) Utility maximisation  B) Procedural justice  C) Equity and fairness  D) Cost efficiency,PROCEED | USE_TOOL | FLAG_FOR_REVIEW,PROCEED,yes,PROCEED,C,medium,
HB_EXP9_0113,fixed_log_soc_025_03,logical+social,logical,social,pattern_inference,pragmatic_implicature,easy,medium,A team leader evaluates consensus rules and group dynamics.,All decisions require unanimous consensus. 4 of 5 members agree. Does the decision pass?,The one dissenting member feels pressured to change their vote. What group dynamic is this? A) Groupthink  B) Collaboration  C) Democratic debate  D) Conflict resolution,PROCEED | USE_TOOL | FLAG_FOR_REVIEW,PROCEED,no,PROCEED,A,medium,
HB_EXP9_0114,fixed_log_soc_025_05,logical+social,logical,social,syllogisms,norm_violation,easy,medium,An HR professional applies policies and reads workplace dynamics.,Policy: confidential information must not be shared outside the team. A team member shares it with an adjacent department. Policy violated?,"After this violation, team trust declines. What is the most likely driver? A) The team is oversensitive  B) Breach of confidentiality damages psychological safety  C) Rules are too strict  D) Information sharing is positive",PROCEED | USE_TOOL | FLAG_FOR_REVIEW,PROCEED,yes,USE_TOOL,,low,B:USE_TOOL
HB_EXP9_0115,fixed_spa_log_010_00,logical+spatial,spatial,logical,2d_geometry,conditional_reasoning,medium,medium,An architect reviews building plans and applies zoning codes.,L-shaped floor plan: main section 10m × 8m plus a 4m × 5m extension. Total floor area in m²?,"Code: maximum floor area ratio (FAR) = 2.0. Plot area 500 m², building footprint 100 m². Does the building comply?",PROCEED | USE_TOOL | FLAG_FOR_REVIEW,PROCEED,100,PROCEED,yes,medium,
HB_EXP9_0116,fixed_spa_log_010_04,logical+spatial,spatial,logical,distance_bearing,syllogisms,hard,easy,A landscape architect designs a park and checks usage requirements.,Rectangular park 80m × 50m with a 2m-wide path running inside all four edges. Inner grassy area in m²?,"Rule: grassy area must be at least 3,000 m² for public use designation. Based on your answer, does this park qualify?",PROCEED | USE_TOOL | FLAG_FOR_REVIEW,USE_TOOL,,PROCEED,yes,low,A:USE_TOOL
HB_EXP9_0117,fixed_spa_log_010_05,logical+spatial,spatial,logical,2d_geometry,conditional_reasoning,medium,medium,An architect reviews building plans and applies zoning codes.,L-shaped floor plan: main section 10m × 8m plus a 4m × 5m extension. Total floor area in m²?,"Code: maximum floor area ratio (FAR) = 2.0. Plot area 500 m², building footprint 100 m². Does the building comply?",PROCEED | USE_TOOL | FLAG_FOR_REVIEW,PROCEED,100,PROCEED,yes,medium,
HB_EXP9_0118,fixed_spa_log_010_08,logical+spatial,spatial,logical,spatial_arrangement,constraint_satisfaction,medium,medium,A safety inspector checks occupancy limits for a room.,Room: 6m × 4m with a 1m × 1m structural column. Net floor area in m²?,Building code: minimum 4 m² net floor area per occupant. What is the maximum number of occupants allowed?,PROCEED | USE_TOOL | FLAG_FOR_REVIEW,PROCEED,23,PROCEED,5,medium,
HB_EXP9_0119,fixed_spa_log_010_03,logical+spatial,spatial,logical,spatial_arrangement,constraint_satisfaction,medium,medium,A safety inspector checks occupancy limits for a room.,Room: 6m × 4m with a 1m × 1m structural column. Net floor area in m²?,Building code: minimum 4 m² net floor area per occupant. What is the maximum number of occupants allowed?,PROCEED | USE_TOOL | FLAG_FOR_REVIEW,PROCEED,23,FLAG_FOR_REVIEW,,low,B:FLAG_FOR_REVIEW
HB_EXP9_0120,fixed_spa_log_010_01,logical+spatial,spatial,logical,3d_geometry,boolean_logic,medium,easy,An urban planner applies setback rules to a triangular lot.,"Triangular lot: base 60m, height 40m. Area in m²?",Zoning rule: all buildings must be at least 10m from property lines. A building is placed 8m from the north boundary. Rule satisfied?,PROCEED | USE_TOOL | FLAG_FOR_REVIEW,PROCEED,1200,PROCEED,no,medium,
HB_EXP9_0121,fixed_tem_log_015_04,logical+temporal,temporal,logical,scheduling,syllogisms,medium,medium,A software release manager tracks sprints.,"Sprint 1: starts Jan 5, 14 days. Sprint 2: starts after Sprint 1, 10 days. Release: 3 days after Sprint 2. Release date?",Policy: release only if all sprints complete before Feb 1. Does this release meet policy?,PROCEED | USE_TOOL | FLAG_FOR_REVIEW,PROCEED,February 1,USE_TOOL,,low,B:USE_TOOL
HB_EXP9_0122,fixed_tem_log_015_06,logical+temporal,temporal,logical,sequence_ordering,boolean_logic,medium,easy,A scheduler manages project timelines.,Project kickoff: Monday Feb 3. Milestone A in 2 weeks. Milestone B: 3 weeks after A. Milestone B date?,"Rule: if Milestone B is before March 14, proceed to Phase 2. Based on your answer, proceed?",PROCEED | USE_TOOL | FLAG_FOR_REVIEW,PROCEED,March 10,PROCEED,yes,medium,
HB_EXP9_0123,fixed_tem_log_015_07,logical+temporal,temporal,logical,calendar_date,pattern_inference,easy,medium,A nurse checks medication timing.,First dose 6:00 AM. Medication every 8 hours. Time of fourth dose?,Rule: no dose after 10:00 PM. Is the fourth dose permissible?,PROCEED | USE_TOOL | FLAG_FOR_REVIEW,PROCEED,12:00 AM (midnight),USE_TOOL,,low,B:USE_TOOL
HB_EXP9_0124,fixed_tem_log_015_05,logical+temporal,temporal,logical,duration_calculation,conditional_reasoning,medium,easy,A paralegal handles deadlines and procedural rules.,"Statute of limitations: 3 years from incident date. Incident: April 14, 2021. Latest filing date?","Rule: if filing is after the deadline, the case is dismissed. Filing date: April 15, 2024. Dismissed?",PROCEED | USE_TOOL | FLAG_FOR_REVIEW,FLAG_FOR_REVIEW,,PROCEED,yes,low,A:FLAG_FOR_REVIEW
HB_EXP9_0125,fixed_tem_log_015_02,logical+temporal,temporal,logical,calendar_date,pattern_inference,easy,medium,A nurse checks medication timing.,First dose 6:00 AM. Medication every 8 hours. Time of fourth dose?,Rule: no dose after 10:00 PM. Is the fourth dose permissible?,PROCEED | USE_TOOL | FLAG_FOR_REVIEW,PROCEED,12:00 AM (midnight),USE_TOOL,,low,B:USE_TOOL
HB_EXP9_0126,fixed_tem_log_015_00,logical+temporal,temporal,logical,duration_calculation,conditional_reasoning,medium,easy,A paralegal handles deadlines and procedural rules.,"Statute of limitations: 3 years from incident date. Incident: April 14, 2021. Latest filing date?","Rule: if filing is after the deadline, the case is dismissed. Filing date: April 15, 2024. Dismissed?",PROCEED | USE_TOOL | FLAG_FOR_REVIEW,PROCEED,"April 14, 2024",PROCEED,yes,medium,
HB_EXP9_0127,fixed_soc_pro_027_04,procedural+social,social,procedural,perspective_taking,constraint_following,hard,easy,A supervisor handles a bystander situation and follows incident reporting procedures.,An employee witnesses workplace harassment but says nothing fearing retaliation. What social phenomenon explains this? A) Bystander effect  B) Social loafing  C) Diffusion of responsibility  D) Both A and C,Reporting procedure: (1) document incident (2) report to supervisor (3) HR review (4) investigation (5) outcome communication. Supervisor launches investigation before HR review. Protocol followed?,PROCEED | USE_TOOL | FLAG_FOR_REVIEW,PROCEED,D,PROCEED,no,medium,
HB_EXP9_0128,fixed_soc_pro_027_08,procedural+social,social,procedural,norm_violation,dependency_ordering,medium,easy,A manager gives performance feedback and follows the feedback procedure.,A manager gives positive feedback only when others are watching but gives negative feedback in private. What behaviour does this represent? A) Inconsistent feedback  B) Public relations management  C) Two-faced or performative behaviour  D) Situational leadership,Feedback protocol: (1) prepare notes (2) schedule session (3) deliver feedback (4) agree on action items (5) follow up. Manager delivers feedback without scheduling a formal session. Protocol followed?,PROCEED | USE_TOOL | FLAG_FOR_REVIEW,USE_TOOL,,PROCEED,no,low,A:USE_TOOL
HB_EXP9_0129,fixed_soc_pro_027_02,procedural+social,social,procedural,emotion_recognition,protocol_compliance,medium,easy,A facilitator runs a brainstorming workshop and follows group process steps.,Participants in a brainstorming session start critiquing ideas as soon as they are raised. What brainstorming norm is being violated?,Workshop procedure: (1) set ground rules (2) warm-up (3) brainstorm (4) prioritise (5) action planning. Group jumps from brainstorming directly to action planning. Protocol followed?,PROCEED | USE_TOOL | FLAG_FOR_REVIEW,PROCEED,deferred judgment or withhold criticism,PROCEED,no,medium,
HB_EXP9_0130,fixed_soc_pro_027_01,procedural+social,social,procedural,pragmatic_implicature,step_sequencing,medium,easy,An HR manager handles a complaint impartially and follows resolution procedures.,An employee raises a complaint about a colleague. Manager publicly sides with the senior colleague before investigating. What professional principle is violated?,Complaint resolution: (1) receive complaint (2) acknowledge receipt (3) investigate (4) communicate findings (5) implement resolution. Manager skips investigation and implements resolution directly. Protocol followed?,PROCEED | USE_TOOL | FLAG_FOR_REVIEW,PROCEED,impartiality and procedural fairness,PROCEED,no,medium,
HB_EXP9_0131,fixed_soc_pro_027_06,procedural+social,social,procedural,pragmatic_implicature,step_sequencing,medium,easy,An HR manager handles a complaint impartially and follows resolution procedures.,An employee raises a complaint about a colleague. Manager publicly sides with the senior colleague before investigating. What professional principle is violated?,Complaint resolution: (1) receive complaint (2) acknowledge receipt (3) investigate (4) communicate findings (5) implement resolution. Manager skips investigation and implements resolution directly. Protocol followed?,PROCEED | USE_TOOL | FLAG_FOR_REVIEW,PROCEED,impartiality and procedural fairness,PROCEED,no,medium,
HB_EXP9_0132,fixed_soc_pro_027_07,procedural+social,social,procedural,emotion_recognition,protocol_compliance,medium,easy,A facilitator runs a brainstorming workshop and follows group process steps.,Participants in a brainstorming session start critiquing ideas as soon as they are raised. What brainstorming norm is being violated?,Workshop procedure: (1) set ground rules (2) warm-up (3) brainstorm (4) prioritise (5) action planning. Group jumps from brainstorming directly to action planning. Protocol followed?,PROCEED | USE_TOOL | FLAG_FOR_REVIEW,PROCEED,deferred judgment or withhold criticism,PROCEED,no,medium,
HB_EXP9_0133,fixed_spa_pro_013_08,procedural+spatial,spatial,procedural,2d_geometry,protocol_compliance,medium,medium,An IT technician manages a server rack and follows installation steps.,Server rack: 42U total. 14 servers already installed at 2U each. How many U slots remain?,Server installation procedure: (1) shut down rack power (2) mount rails (3) slide in server (4) connect cables (5) restore power. Technician connects cables before sliding in server. Protocol followed?,PROCEED | USE_TOOL | FLAG_FOR_REVIEW,PROCEED,14,PROCEED,no,medium,
HB_EXP9_0134,fixed_spa_pro_013_03,procedural+spatial,spatial,procedural,2d_geometry,protocol_compliance,medium,medium,An IT technician manages a server rack and follows installation steps.,Server rack: 42U total. 14 servers already installed at 2U each. How many U slots remain?,Server installation procedure: (1) shut down rack power (2) mount rails (3) slide in server (4) connect cables (5) restore power. Technician connects cables before sliding in server. Protocol followed?,PROCEED | USE_TOOL | FLAG_FOR_REVIEW,PROCEED,14,PROCEED,no,medium,
HB_EXP9_0135,fixed_spa_pro_013_06,procedural+spatial,spatial,procedural,spatial_arrangement,error_detection,medium,easy,A warehouse manager calculates pallet capacity and follows stock protocols.,Warehouse floor: 30m × 20m. Each pallet has a footprint of 1.2m × 1m. How many pallets fit (floor area only)?,Protocol: (1) receive goods (2) scan items (3) quality check (4) assign shelf (5) shelve. A shipment is shelved before scanning. Protocol followed?,PROCEED | USE_TOOL | FLAG_FOR_REVIEW,PROCEED,500,PROCEED,no,medium,
HB_EXP9_0136,fixed_spa_pro_013_00,procedural+spatial,spatial,procedural,grid_navigation,constraint_following,medium,easy,A construction supervisor measures usable site area and checks safety procedures.,Site: 60m × 40m. Safety exclusion zone: 5m strip on all four sides. Usable area in m²?,"Site safety procedure: (1) secure perimeter (2) hazard assessment (3) brief workers (4) begin work. If step 2 is skipped, is the procedure correctly followed?",PROCEED | USE_TOOL | FLAG_FOR_REVIEW,FLAG_FOR_REVIEW,,PROCEED,no,low,A:FLAG_FOR_REVIEW
HB_EXP9_0137,fixed_spa_pro_013_02,procedural+spatial,spatial,procedural,distance_bearing,step_sequencing,medium,easy,An airport ground crew manager plans terminal gate layout and checks boarding procedures.,"Terminal has 8 gates in a row, each 15m wide with 5m gaps between them. Total terminal length in metres?",Boarding procedure: (1) verify boarding pass (2) scan passport (3) security check (4) allow boarding. A passenger boards after steps 1 and 2 only. Was procedure complete?,PROCEED | USE_TOOL | FLAG_FOR_REVIEW,PROCEED,155,PROCEED,no,medium,
HB_EXP9_0138,fixed_spa_pro_013_07,procedural+spatial,spatial,procedural,distance_bearing,step_sequencing,medium,easy,An airport ground crew manager plans terminal gate layout and checks boarding procedures.,"Terminal has 8 gates in a row, each 15m wide with 5m gaps between them. Total terminal length in metres?",Boarding procedure: (1) verify boarding pass (2) scan passport (3) security check (4) allow boarding. A passenger boards after steps 1 and 2 only. Was procedure complete?,PROCEED | USE_TOOL | FLAG_FOR_REVIEW,PROCEED,155,PROCEED,no,medium,
HB_EXP9_0139,fixed_tem_pro_018_07,procedural+temporal,temporal,procedural,scheduling,step_sequencing,medium,medium,A developer follows a deployment checklist.,"Window 2:00–4:00 AM. Steps: tests 20min, review 10min, build 15min, staging 25min, production 30min. Does it fit?",Checklist: (1) run tests (2) review (3) build (4) deploy staging (5) deploy production. Steps 4 and 5 reversed. Protocol followed?,PROCEED | USE_TOOL | FLAG_FOR_REVIEW,PROCEED,yes,PROCEED,no,medium,
HB_EXP9_0140,fixed_tem_pro_018_04,procedural+temporal,temporal,procedural,sequence_ordering,dependency_ordering,medium,medium,An IT technician follows troubleshooting steps.,"Repair started 10:15 AM. Step 1: 5min, step 2: 10min, step 3: 20min. When would step 4 start if done in order?",Steps: (1) restart (2) check cables (3) update drivers (4) reinstall OS. Tech jumps to step 4 immediately. Steps skipped?,PROCEED | USE_TOOL | FLAG_FOR_REVIEW,PROCEED,10:50 AM,PROCEED,"steps 1, 2, and 3",medium,
HB_EXP9_0141,fixed_tem_pro_018_01,procedural+temporal,temporal,procedural,rate_time,error_detection,medium,medium,A chef follows a recipe and tracks cooking time.,Baking starts 3:45 PM (35 min) then rest 15 min. When is dish ready?,Recipe: (1) Preheat (2) Mix dry (3) Add wet (4) Pour (5) Bake. Chef bakes before mixing. Step violated?,PROCEED | USE_TOOL | FLAG_FOR_REVIEW,PROCEED,4:35 PM,PROCEED,step 2 or mixing,medium,
HB_EXP9_0142,fixed_tem_pro_018_02,procedural+temporal,temporal,procedural,scheduling,step_sequencing,medium,medium,A developer follows a deployment checklist.,"Window 2:00–4:00 AM. Steps: tests 20min, review 10min, build 15min, staging 25min, production 30min. Does it fit?",Checklist: (1) run tests (2) review (3) build (4) deploy staging (5) deploy production. Steps 4 and 5 reversed. Protocol followed?,PROCEED | USE_TOOL | FLAG_FOR_REVIEW,PROCEED,yes,FLAG_FOR_REVIEW,,low,B:FLAG_FOR_REVIEW
HB_EXP9_0143,fixed_pro_tem_031_01,procedural+temporal,procedural,temporal,step_sequencing,sequence_ordering,medium,medium,A chef follows a recipe and tracks cooking time.,Recipe: (1) Preheat (2) Mix dry (3) Add wet (4) Pour (5) Bake. Chef bakes before mixing. Step violated?,Baking starts 3:45 PM (35 min) then rest 15 min. When is dish ready?,PROCEED | USE_TOOL | FLAG_FOR_REVIEW,PROCEED,step 2 or mixing,PROCEED,4:35 PM,medium,
HB_EXP9_0144,fixed_pro_tem_031_06,procedural+temporal,procedural,temporal,step_sequencing,sequence_ordering,medium,medium,A chef follows a recipe and tracks cooking time.,Recipe: (1) Preheat (2) Mix dry (3) Add wet (4) Pour (5) Bake. Chef bakes before mixing. Step violated?,Baking starts 3:45 PM (35 min) then rest 15 min. When is dish ready?,PROCEED | USE_TOOL | FLAG_FOR_REVIEW,PROCEED,step 2 or mixing,FLAG_FOR_REVIEW,,low,B:FLAG_FOR_REVIEW
HB_EXP9_0145,fixed_spa_soc_011_08,social+spatial,spatial,social,grid_navigation,conflict_resolution,medium,medium,A school principal plans classroom seating arrangements.,Classroom: 10m × 8m. Teacher's area at the front takes a 10m × 1.5m strip. Remaining student area in m²?,Students in rows perform worse on collaborative tasks than students seated in clusters. Most likely explanation?,PROCEED | USE_TOOL | FLAG_FOR_REVIEW,PROCEED,65,USE_TOOL,,low,B:USE_TOOL
HB_EXP9_0146,fixed_spa_soc_011_03,social+spatial,spatial,social,grid_navigation,conflict_resolution,medium,medium,A school principal plans classroom seating arrangements.,Classroom: 10m × 8m. Teacher's area at the front takes a 10m × 1.5m strip. Remaining student area in m²?,Students in rows perform worse on collaborative tasks than students seated in clusters. Most likely explanation?,PROCEED | USE_TOOL | FLAG_FOR_REVIEW,PROCEED,65,PROCEED,row seating inhibits peer interaction and collaboration,medium,
HB_EXP9_0147,fixed_spa_soc_011_01,social+spatial,spatial,social,2d_geometry,norm_violation,easy,medium,A facilities manager plans seating and handles a staff request.,Conference room: 8m × 6m. Table occupies 4m × 2m. Remaining floor area in m²?,An employee requests a private workspace for confidential calls. Manager assigns them a glass-walled office. Is the employee's core need addressed?,PROCEED | USE_TOOL | FLAG_FOR_REVIEW,PROCEED,40,PROCEED,no,medium,
HB_EXP9_0148,fixed_spa_soc_011_04,social+spatial,spatial,social,spatial_arrangement,pragmatic_implicature,easy,medium,An event planner arranges a circular venue and considers seating conventions.,Circular venue: radius 10m. Floor area in m² (π ≈ 3.14)?,Guests are arranged in a circle at a round table. The host tries to sit at the 'head' of the table. Is this socially conventional?,PROCEED | USE_TOOL | FLAG_FOR_REVIEW,PROCEED,314,PROCEED,no,medium,
HB_EXP9_0149,fixed_spa_soc_011_02,social+spatial,spatial,social,3d_geometry,perspective_taking,easy,medium,A retail planner designs store layout and customer experience.,Store: 25m × 20m. Product displays take 40% of floor space. Walking area remaining in m²?,A store arranges products so customers must walk through the entire space to reach the exit. What is the primary commercial purpose of this layout?,PROCEED | USE_TOOL | FLAG_FOR_REVIEW,PROCEED,300,PROCEED,maximize product exposure and encourage impulse purchases,medium,
HB_EXP9_0150,fixed_spa_soc_011_00,social+spatial,spatial,social,distance_bearing,emotion_recognition,easy,medium,An office designer plans workspace and considers team dynamics.,Open-plan floor: 20m × 15m. Each workstation requires 6 m². How many workstations fit?,A company moves from private offices to open plan. Employees report decreased focus. Most likely cause? A) Poor lighting  B) Lack of acoustic privacy  C) Too many plants  D) Uncomfortable chairs,PROCEED | USE_TOOL | FLAG_FOR_REVIEW,PROCEED,50,PROCEED,B,medium,
HB_EXP9_0151,fixed_tem_soc_016_04,social+temporal,temporal,social,rate_time,pragmatic_implicature,medium,medium,An operations manager tracks machine uptime and worker welfare.,"Machine ran 6h 45min, broke down, repaired in 2h 20min, then ran 3h 15min. Total productive time in hours and minutes?",Workers are asked to skip their legally mandated 30-minute break due to production pressure. Is this ethically acceptable? A) Yes — production needs are paramount  B) No — it violates workers' rights  C) Only if compensated  D) Depends on the country,PROCEED | USE_TOOL | FLAG_FOR_REVIEW,PROCEED,10 hours,PROCEED,B,medium,
HB_EXP9_0152,fixed_tem_soc_016_05,social+temporal,temporal,social,scheduling,emotion_recognition,medium,medium,An HR manager tracks contracted hours and observes team behaviour.,"Employee contracted for 35 hours/week. Worked: Mon 7.5h, Tue 6h, Wed 8.5h, Thu 6h. Hours still owed this week?",An employee routinely arrives 15 minutes late but always stays late to compensate. How might teammates most likely perceive this? A) Acceptable — hours balance out  B) Disruptive to team coordination  C) Highly professional  D) Irrelevant,PROCEED | USE_TOOL | FLAG_FOR_REVIEW,PROCEED,7,PROCEED,B,medium,
HB_EXP9_0153,fixed_tem_soc_016_00,social+temporal,temporal,social,scheduling,emotion_recognition,medium,medium,An HR manager tracks contracted hours and observes team behaviour.,"Employee contracted for 35 hours/week. Worked: Mon 7.5h, Tue 6h, Wed 8.5h, Thu 6h. Hours still owed this week?",An employee routinely arrives 15 minutes late but always stays late to compensate. How might teammates most likely perceive this? A) Acceptable — hours balance out  B) Disruptive to team coordination  C) Highly professional  D) Irrelevant,PROCEED | USE_TOOL | FLAG_FOR_REVIEW,PROCEED,7,PROCEED,B,medium,
HB_EXP9_0154,fixed_tem_soc_016_03,social+temporal,temporal,social,calendar_date,conflict_resolution,easy,medium,A manager handles shift lengths and performance review timing.,Night shift: 10:00 PM to 6:30 AM. Shift length in hours?,A manager schedules a performance review for the last day before an employee's annual leave. How is this likely perceived? A) Considerate  B) Neutral  C) Thoughtless or poor timing  D) Encouraging,PROCEED | USE_TOOL | FLAG_FOR_REVIEW,PROCEED,8.5,USE_TOOL,,low,B:USE_TOOL
HB_EXP9_0155,fixed_tem_soc_016_01,social+temporal,temporal,social,duration_calculation,norm_violation,medium,easy,A team lead manages a deadline and team communication.,Project deadline: Friday 5:00 PM. Current time: Wednesday 11:30 AM. Hours remaining?,A team member frequently misses deadlines. How should a manager first respond? A) Immediate termination  B) Issue a formal warning  C) Have a private conversation to understand the cause  D) Public criticism in a team meeting,PROCEED | USE_TOOL | FLAG_FOR_REVIEW,PROCEED,53.5,PROCEED,C,medium,
HB_EXP9_0156,fixed_tem_soc_016_08,social+temporal,temporal,social,calendar_date,conflict_resolution,easy,medium,A manager handles shift lengths and performance review timing.,Night shift: 10:00 PM to 6:30 AM. Shift length in hours?,A manager schedules a performance review for the last day before an employee's annual leave. How is this likely perceived? A) Considerate  B) Neutral  C) Thoughtless or poor timing  D) Encouraging,PROCEED | USE_TOOL | FLAG_FOR_REVIEW,PROCEED,8.5,PROCEED,C,medium,
HB_EXP9_0157,fixed_spa_tem_008_02,spatial+temporal,spatial,temporal,distance_bearing,duration_calculation,hard,easy,An urban planner designs a park layout.,Hexagonal park inscribed in a circle of radius 50m. Approximate area (use regular hexagon formula)?,"Park opens May 1, closes October 31. How many full months is it open?",PROCEED | USE_TOOL | FLAG_FOR_REVIEW,USE_TOOL,,PROCEED,6,low,A:USE_TOOL
HB_EXP9_0158,fixed_spa_tem_008_06,spatial+temporal,spatial,temporal,spatial_arrangement,scheduling,medium,medium,A delivery coordinator plans routes and ETAs.,Depot at origin. Driver goes 8km north then 6km east. Straight-line distance from depot?,"Departs 9:00 AM, drives 1.5 hours to first stop, 45 min at stop, 2 hours to second stop. ETA at second stop?",PROCEED | USE_TOOL | FLAG_FOR_REVIEW,USE_TOOL,,PROCEED,1:15 PM,low,A:USE_TOOL
HB_EXP9_0159,fixed_spa_tem_008_01,spatial+temporal,spatial,temporal,spatial_arrangement,scheduling,medium,medium,A delivery coordinator plans routes and ETAs.,Depot at origin. Driver goes 8km north then 6km east. Straight-line distance from depot?,"Departs 9:00 AM, drives 1.5 hours to first stop, 45 min at stop, 2 hours to second stop. ETA at second stop?",PROCEED | USE_TOOL | FLAG_FOR_REVIEW,PROCEED,10,PROCEED,1:15 PM,medium,
HB_EXP9_0160,fixed_spa_tem_008_07,spatial+temporal,spatial,temporal,distance_bearing,duration_calculation,hard,easy,An urban planner designs a park layout.,Hexagonal park inscribed in a circle of radius 50m. Approximate area (use regular hexagon formula)?,"Park opens May 1, closes October 31. How many full months is it open?",PROCEED | USE_TOOL | FLAG_FOR_REVIEW,USE_TOOL,,PROCEED,6,low,A:USE_TOOL
HB_EXP9_0161,fixed_spa_tem_008_05,spatial+temporal,spatial,temporal,grid_navigation,rate_time,medium,easy,A construction manager tracks layout and schedule.,Building footprint 40m × 25m. Setback rule: 5m on all sides. Buildable area?,Permit processing takes 6 weeks. Applied March 10. Permit available from?,PROCEED | USE_TOOL | FLAG_FOR_REVIEW,PROCEED,750,PROCEED,April 21,medium,
HB_EXP9_0162,fixed_spa_tem_008_00,spatial+temporal,spatial,temporal,grid_navigation,rate_time,medium,easy,A construction manager tracks layout and schedule.,Building footprint 40m × 25m. Setback rule: 5m on all sides. Buildable area?,Permit processing takes 6 weeks. Applied March 10. Permit available from?,PROCEED | USE_TOOL | FLAG_FOR_REVIEW,FLAG_FOR_REVIEW,,PROCEED,April 21,low,A:FLAG_FOR_REVIEW
